pH 2.17,pH 5.75,pH 7.73,pH 10.36,pH 13.15
-1.252185640371522,-1.105886319557266,-0.8909075555535401,-0.12116717332483434,0.9706576377833965
-0.22432958424876911,-1.5075277902962925,-1.1895024239102554,0.3405293049576948,-0.9420618038616054
0.9320084788893134,-2.5199989977841235,-1.7866921606236061,-1.4161694904589532,-0.14170402331505294
2.088346542027396,-2.2355029560106616,-0.8275692501446129,-0.8981685636053057,-0.41301174553417225
0.41808045082793693,-1.3652797694095244,-3.3972947838809167,-3.082781168162132,-1.030236813582744
0.03263442978189046,-0.7460825020202694,-1.307130705384069,-2.497214903023183,-0.14848671637051583
0.6750444648585965,-1.8756991384736652,-2.0400453822596356,-2.992694050448463,1.6692750224977642
-0.8667396193255325,-1.7501861788677242,-1.5333389389876562,-0.5265592030364457,-1.159107981636901
-1.252185640371522,-0.7209799100990663,-1.4700006335786484,-1.562561056743741,1.3165749836128486
-1.252185640371522,-1.4573226064538862,-1.8952721127533791,-0.07612361446809998,-1.9323349899614815
0.03263442978189046,-2.4781613445821677,-1.4880972922669709,-2.4296495647378813,-0.2705751913692099
0.5465624578432667,-1.7167160563061445,-1.0356808250598775,-0.4364720853227765,-0.4876213691445053
0.8035264718739835,-0.7962876858626012,-0.9271008729301043,-1.4386912698875207,0.08212484751570542
-0.22432958424876911,-2.2355029560106616,-1.1985507532543764,-1.7877788510280135,0.4687383516780559
-0.09584757723343933,-0.988740890591701,-0.9271008729301043,-1.4161694904589532,-1.3151099219129097
0.16111643679722024,-1.842229015912086,-2.5377034961874148,-1.2585170344601824,3.256425197479823
1.0604904859046431,-0.9301681761089186,-1.7414505139029204,-0.4139503058944092,0.3330844905684359
-0.7382576123101455,-2.0514172819220122,-1.0899708011246836,-0.8869076738911221,-1.0505848927492532
-0.48129359827948587,-1.6079381579810306,-1.5333389389876562,0.40809464324299666,-0.8131906358074484
-1.123703633356192,-1.6999809950253923,-1.0085358370274342,-1.562561056743741,-1.3083272288574468
0.6750444648585965,-1.766921240148551,-1.3523723521048348,-0.763037887034902,0.6993499155642772
-0.6097756052948157,-1.9426393835968239,0.05916702558133202,-1.8215615201705644,1.0452672613937295
0.16111643679722024,-0.7042448488182395,-1.0718741424364417,-1.213473475603248,-0.6232752302540047
1.0604904859046431,-0.5034241134487634,0.8644683372100274,-0.5941245413217473,-0.28414057748013577
-0.6097756052948157,-0.6707747262566601,-1.7595471725912428,-1.7765179613138298,-1.5118080205218163
1.4459365069506893,-1.306707054926742,-0.3570561242491971,-0.8080814458916366,-0.1010078649821549
-1.252185640371522,-0.988740890591701,-1.949562088818185,0.6670951066698205,-0.2027482608143397
-0.09584757723343933,-0.14362029591176675,-2.6915250950378726,-2.1593882115968737,-2.5359946718990063
0.6750444648585965,-1.6999809950253923,-1.379517340137278,-0.12116717332483434,0.054994075293853764
-0.6097756052948157,-1.7083485256657684,-1.922417100785742,-0.5378200927506293,0.12282100584860349
1.1889724929199725,-0.25239819423688115,-0.14894454933393256,-2.5197366824515504,0.9028307072286467
-1.252185640371522,-2.1099899964047206,-0.5923126871969049,-1.3260823727452842,-2.2443388705134986
0.5465624578432667,-0.43648386832560465,-0.4384910883464465,-0.8643858944627548,-0.22987903303631188
-0.7382576123101455,-1.0473136050744833,-1.3342756934165123,-1.2585170344601824,-1.118411823304003
-0.8667396193255325,-1.8756991384736652,-0.9451975316184266,-1.0670819093184605,-1.0370195066382069
0.03263442978189046,-0.5201591747295902,-1.940513759474064,0.44187731238554756,0.5365652822328056
1.1889724929199725,-1.3401771774883213,-1.8771754540650567,-1.9229095275984172,-0.7792771705300133
0.41808045082793693,-0.5368942360103427,-1.2256957412868197,-1.517517497887006,0.6383056780649904
0.41808045082793693,-1.3903823613307276,-0.3570561242491971,0.19413773867290765,-0.935279110806022
0.9320084788893134,-1.432220014532683,-0.5651676991644617,-1.4724739390300716,-1.3286753080238356
0.41808045082793693,-2.0681523432027653,-1.7233538552146788,-1.4724739390300716,-0.7385810121972357
0.28959844381260713,-1.6916134643849416,-3.080603256835959,-0.32386318818074006,-0.6097098441430789
1.959864535012066,-1.5995706273405799,-2.3295919212721503,0.8472693420971585,0.4483902725115467
-0.09584757723343933,-2.628776896109312,-0.4022977709698823,-0.5265592030364457,0.29238833223553806
0.03263442978189046,-2.1183575270451716,-0.08560624392492501,-0.8869076738911221,0.054994075293853764
-0.3528115912641561,-0.8297578084241806,-0.0041712798276755236,-0.7179943281779675,-0.39944635942324636
2.859238584119489,-1.1644590340400482,-2.510558508154971,-1.8215615201705644,0.3873460350122599
-1.894595675448285,-1.5995706273405799,-0.7189892980148398,-2.1030837630257553,-0.6232752302540047
0.8035264718739835,-0.41974880704477785,-0.08560624392492501,-2.125605542454323,-0.7385810121972357
0.28959844381260713,-1.0138434825129041,-1.017584166371555,-2.6098238001652194,0.6857845294533513
0.5465624578432667,-1.842229015912086,-0.5470710404761393,-1.2359952550316151,1.1334422711149885
-0.6097756052948157,-1.2983395242863658,-1.0809224717805628,-0.5265592030364457,-0.1620521024814417
-0.7382576123101455,-1.0138434825129041,-0.9904391783391118,0.3067466358151442,0.14316908501499226
-1.7661136684328984,-1.900801730394868,-1.0628258130922403,-1.4049086007447695,-0.935279110806022
-0.48129359827948587,-0.06831252014815757,-0.863762567521177,-0.8080814458916366,-1.681375346908751
-0.7382576123101455,-0.6038344811335014,0.050118696237211054,-3.003954940162647,-0.7385810121972357
-0.48129359827948587,-0.5954669504931251,-1.5695322563642204,-2.947650491591529,-0.7046675469198008
-0.9952216263408622,-1.549365443498248,-1.0628258130922403,-0.7517769973207185,-0.7521463983081617
0.03263442978189046,-0.7293474407394426,-1.3161790347282705,-0.09864539389646708,0.7875249252855361
-0.48129359827948587,-0.2440306635965049,-1.7324021845587996,-1.2922997036027333,1.303009597501923
-1.252185640371522,-2.294075670493444,-0.3570561242491971,-0.16621073218176913,0.6654364502869626
0.5465624578432667,-0.6289370730547044,-2.456268532090165,0.6220515478128859,-0.2637924983136265
-0.3528115912641561,-1.5158953209366688,-1.6871605378380339,-2.474693123594816,-0.6911021608088749
0.8035264718739835,-1.0473136050744833,-1.3433240227606333,-1.3711259316022186,-0.2027482608143397
0.8035264718739835,-1.1226213808380927,-1.3252273640723915,-1.4499521596017042,-1.104846437193077
0.28959844381260713,-0.026474866946201863,-0.999487507683313,-0.3914285264658418,-1.342240694134761
0.41808045082793693,-2.3693834462570535,-1.5695322563642204,-0.01981916589698171,0.06177676834931667
-0.3528115912641561,-2.4781613445821677,-0.5832643578527037,-2.181909991025241,-0.7792771705300133
-0.3528115912641561,-1.25650187108441,-0.5018293937554542,-0.6842116590354167,-0.8878002594177815
1.1889724929199725,-2.8379651621191644,-1.1804540945661344,0.25044218724402595,-0.2773578844246728
0.8035264718739835,-1.4824251983750893,-0.013219609171796496,-0.13242806303901813,0.34664987667936176
0.6750444648585965,-1.8003913627101302,-1.4880972922669709,-0.7968205561774531,-1.0031060413608923
0.6750444648585965,-1.3987498919711039,-1.8862237834091775,0.8022257832402242,0.34664987667936176
-0.09584757723343933,-1.130988911478469,-0.32086280687263286,0.6783559963840041,0.9299614794506189
-0.48129359827948587,-0.6958773181778631,-1.2799857173517062,-1.675169953885777,0.6043922127875553
0.28959844381260713,-1.8171264239908826,-0.366104453593318,-0.763037887034902,0.1702998572369644
-0.48129359827948587,-1.0473136050744833,-1.7776438312794849,0.3405293049576948,0.5908268266766294
-1.3806676473869086,-2.3442808543358504,-1.252840729319263,0.013963503245569343,0.8960480141731839
0.41808045082793693,-1.3569122387691483,-0.3389594655608748,0.19413773867290765,0.5569133613991945
0.8035264718739835,-2.1518276496067505,-0.6013610165410259,-0.954473012176424,-1.023454120527281
1.0604904859046431,-1.306707054926742,-1.1714057652220136,-0.4139503058944092,1.1130941919484791
-0.09584757723343933,-1.6832459337445653,-1.2709373880075046,-0.1774716218959526,0.6857845294533513
2.088346542027396,-0.9218006454685423,0.032022037548888736,-0.09864539389646708,1.4454461516670056
-1.5091496544022385,-2.0681523432027653,0.013925378860646792,-0.05360183503973272,-0.7928425566410597
0.9320084788893134,-2.779392447636382,-2.5196068374991727,-0.7067334384637838,0.19064793640335317
1.0604904859046431,-1.540997912857872,-2.5196068374991727,-0.6166463207501148,-0.3112713497019874
-1.3806676473869086,-0.6289370730547044,-0.4565877470347689,2.806664152369713,-1.532156099688205
-0.8667396193255325,-1.4824251983750893,-0.32086280687263286,0.025224392959752973,0.08212484751570542
-0.22432958424876911,-0.46158646024680783,-0.999487507683313,-1.6639090641715932,0.021080610016418668
-1.894595675448285,-0.059944989507781335,0.1586986483669038,-0.5828636516075637,0.39412872806772287
-0.7382576123101455,-0.21892807167530168,-1.850030466032613,-0.5941245413217473,0.4687383516780559
0.28959844381260713,-0.9971084212321516,-0.5018293937554542,0.14909417981617282,-0.6504060024759769
-2.0230776824636147,-1.9259043223160714,-0.7642309447356054,-1.1571690270321295,-0.6571886955314399
-0.7382576123101455,-1.8338614852717097,-1.307130705384069,2.3337067843728,0.5569133613991945
-0.6097756052948157,-0.41974880704477785,-1.5695322563642204,0.2729639666723932,1.0723980336155814
-0.3528115912641561,0.10740562330011537,-0.27562116015194754,-0.23377607046707088,-0.45370790386707016
0.03263442978189046,-0.6540396649759076,-1.4609523042345276,-0.9882556813189749,-0.1620521024814417
-0.3528115912641561,-1.2899719936459897,-0.4022977709698823,-0.19999340132431986,-0.37909828025685754
-0.6097756052948157,-1.6079381579810306,-0.5742160285085827,-0.7517769973207185,-1.1319772094149287
1.1889724929199725,0.07393550073853616,-0.746134286047283,-2.6098238001652194,-0.3112713497019874
0.9320084788893134,-1.3987498919711039,0.5749217981974329,-0.29008051903798904,0.8892653211177208
0.41808045082793693,0.006995255615377344,-0.8456659088328548,-2.091822873311572,-0.14848671637051583
-0.22432958424876911,-1.1142538501976422,-1.9767070768506283,0.23918129752984196,-1.538938792743668
0.16111643679722024,-0.7209799100990663,-1.14426077718957,-0.47025475446532733,0.1296036989040664
0.28959844381260713,-1.4907927290154657,-1.958610418162306,0.9148346803824607,-0.12135594414866416
0.03263442978189046,-1.1393564421188451,-0.2937178188401896,-1.4724739390300716,1.7235365669415879
-2.0230776824636147,-1.231399279163207,-1.017584166371555,-0.47025475446532733,-1.3151099219129097
-1.5091496544022385,-1.6330407499022332,-3.2253765263422154,-1.179690806460697,1.1944865086142753
1.31745449993536,-1.3150745855671924,-0.26657283080774624,-0.1774716218959526,0.10925561973767761
0.28959844381260713,-0.7962876858626012,-0.737085956703162,0.9260955700966443,-0.34518481497942255
1.8313825279967362,-1.666510872463813,-0.6918443099824767,0.8360084523829752,0.19064793640335317
1.31745449993536,-2.53673405906495,-0.07655791458080405,0.2842248563865765,-0.7317983191416524
-0.48129359827948587,0.032097847536580446,-0.9090042142418623,-2.0693010938832046,-0.935279110806022
-0.8667396193255325,-0.4950565828083871,-1.0356808250598775,-0.8306032253202039,0.15673447112603853
1.8313825279967362,-1.6079381579810306,-0.44753941769064787,-1.9566921967411681,-0.41301174553417225
-0.6097756052948157,-0.46995399088718404,-1.252840729319263,-0.13242806303901813,0.8892653211177208
1.8313825279967362,0.07393550073853616,-0.5742160285085827,-0.031080055611165343,-0.42657713164521854
-0.9952216263408622,0.0823030313789124,-0.2846694894960686,-0.32386318818074006,1.3776192211121356
0.03263442978189046,-0.05157745886740496,-0.7823276034238472,0.5657470992419678,0.3669979558458711
-0.09584757723343933,-2.2773406092126915,-0.3570561242491971,0.11531151067342181,1.3572711419457468
-1.123703633356192,-1.4573226064538862,-1.0537774837481193,1.5116618352355942,-3.0650447302264396
0.28959844381260713,-2.5618366509861534,-1.1533091065336911,-0.639168100178482,-1.3151099219129097
1.1889724929199725,0.341696481231171,-1.0085358370274342,-0.9432121224622404,-0.24344441914723772
0.16111643679722024,-1.1226213808380927,-1.8952721127533791,-0.9319512327480567,-0.48083867608904246
-0.8667396193255325,-0.7209799100990663,-0.44753941769064787,0.013963503245569343,0.054994075293853764
0.9320084788893134,-0.8046552165030518,-1.3885656694813988,-0.3801676367516584,0.021080610016418668
-0.7382576123101455,-2.37775097689743,-1.0809224717805628,-0.7855596664632694,-0.04674632053833104
0.6750444648585965,0.1492432765020711,-2.030997052915435,-1.4499521596017042,-1.2811964566354745
-0.7382576123101455,-1.0222110131532804,-0.981390848994991,-1.2810388138885496,0.09569023362675176
-0.09584757723343933,-1.0473136050744833,-0.2937178188401896,-0.8080814458916366,-0.6300579233095881
0.41808045082793693,-1.1393564421188451,-2.1486253343893287,-0.9769947916047913,0.03464599612734448
-0.09584757723343933,0.5592522778814738,-0.08560624392492501,-0.6053854310359311,-0.34518481497942255
0.5465624578432667,0.2245510522656804,-1.8319338073443714,-1.65264817445741,-1.4236330108005575
0.16111643679722024,-0.5201591747295902,-1.0990191304688046,-0.5716027618933802,-0.2570098052581636
0.5465624578432667,-0.5619968279315458,-1.850030466032613,-1.990474865883719,0.23134409473625117
0.28959844381260713,-1.1477239727592214,-1.0809224717805628,-1.9229095275984172,-0.10779055803761782
-0.48129359827948587,-0.07668005078860819,0.1858436363993471,-0.042340945325349134,1.3233576766683117
1.959864535012066,-1.8003913627101302,1.2716431576963552,-0.5490809824648129,-1.7085061191306024
1.1889724929199725,-0.6540396649759076,-0.2937178188401896,-1.3486041521738514,0.054994075293853764
0.5465624578432667,-1.4405875451730592,-0.8275692501446129,0.4531382020997312,-0.7589290913636245
1.959864535012066,-1.5577329741386243,-1.660015549805671,-1.9792139761695355,0.6857845294533513
-0.3528115912641561,-0.3862786844831985,-0.26657283080774624,-1.3260823727452842,0.3873460350122599
3.3731666121808646,-1.2146642178823803,-0.5289743817878975,0.4756599815282986,0.3263017975129731
-0.6097756052948157,-1.206296687242004,0.27632692984071755,-1.6188655053148588,-1.016671427471818
0.03263442978189046,-0.31097090871966343,0.3306169059056041,-0.19999340132431986,0.4348248864006207
-0.22432958424876911,-0.4281163376852284,-0.6194576752293481,0.1040506209592385,-1.2133695260807247
1.1889724929199725,-0.5201591747295902,0.4844385047560625,-0.9319512327480567,1.6964057947196158
-1.123703633356192,-1.7418186482273479,-0.39324944162576136,-0.9206903430338731,1.36405383500121
0.8035264718739835,-0.6958773181778631,-0.6827959806382755,-0.639168100178482,0.8146556975073878
-1.7661136684328984,0.4002691957139533,-0.12179956130148922,-0.2450369601812545,-0.6571886955314399
0.41808045082793693,-0.7795526245818487,0.13155366033446053,0.8585302318113421,1.289444211390997
-0.8667396193255325,-0.7377149713798188,-0.21228285474294006,1.567966283806512,-0.09422517192669198
-0.3528115912641561,-1.1644590340400482,-0.7189892980148398,-1.1008645784612114,1.4997076961108298
-0.09584757723343933,-0.27750078615808427,0.3668102232821684,-0.32386318818074006,-0.14170402331505294
0.41808045082793693,-2.059784812562389,-1.1533091065336911,-0.27881962932380555,-1.2337176052471135
-0.6097756052948157,-0.8381253390646312,-1.2166474119426987,-1.551300167029557,-0.6232752302540047
-0.09584757723343933,-0.9385357067493691,-0.8275692501446129,0.047746172388320345,0.3263017975129731
-0.22432958424876911,-0.48668905216801084,-1.4428556455462052,-0.8193423356058201,0.7196979947307864
1.31745449993536,-1.1142538501976422,-0.21228285474294006,-0.2450369601812545,0.7603941530635638
0.03263442978189046,-1.3401771774883213,0.692550079671327,-2.1706491013110574,-0.7860598635855968
1.31745449993536,-1.4824251983750893,-1.7414505139029204,-1.5287783876011896,0.7603941530635638
0.5465624578432667,0.4923120327583151,-0.44753941769064787,1.1400524746665335,1.1130941919484791
-0.6097756052948157,-0.6205695424143283,-0.646602663261711,0.2166595181014747,0.5636960544547777
0.41808045082793693,-0.9218006454685423,-1.4609523042345276,-0.6166463207501148,-0.19596556775887677
0.16111643679722024,-1.2230317485228306,-1.7504988432470416,-2.9701722710200955,-1.2201522191361878
-0.9952216263408622,-0.5285267053699664,-1.8138371486560494,0.013963503245569343,-1.5660695649656402
-1.123703633356192,-0.269133255517708,-0.4203944296582046,-0.2112542910385035,0.9028307072286467
-0.6097756052948157,-0.6624071956162838,-0.881859226209419,-0.639168100178482,-1.3897195455231224
-0.22432958424876911,-1.3401771774883213,-1.3976139988255198,1.162574254095101,-1.342240694134761
0.03263442978189046,0.1910809297041009,-1.261889058663384,-0.07612361446809998,-0.22309633998084896
-0.3528115912641561,-2.1016224657643443,-1.4157106575138423,1.0049217980961298,-1.8102465149627873
0.9320084788893134,-0.5117916440891396,-0.7913759327679682,0.6783559963840041,-0.6300579233095881
-1.7661136684328984,-2.637144426749688,-0.5018293937554542,-2.553519351594301,-0.21631364692538604
-0.3528115912641561,-1.6999809950253923,-1.0447291544039983,-1.145908137317946,-0.31805404275745036
2.2168285490427255,-0.31097090871966343,-1.2890340466958272,-1.2810388138885496,-0.5418829135883292
2.088346542027396,-0.9385357067493691,1.0997249001576548,-0.2112542910385035,-1.7085061191306024
1.8313825279967362,-1.323442116207569,-0.34800779490507616,0.745921334669306,0.06177676834931667
-0.8667396193255325,-1.1560915033996721,0.37585855262628937,0.7909648935260406,0.7807422322300732
-1.123703633356192,-0.813022747143428,-0.610409345885147,-1.2022125858890642,1.587882705831968
2.987720591134819,-0.9301681761089186,-2.0400453822596356,-0.3463849676091073,-0.9624098830279942
-0.3528115912641561,-0.7209799100990663,-1.578580585708341,-0.10990628361065087,-1.0370195066382069
0.28959844381260713,-0.5787318892122983,-1.696208867182235,0.7797040038118569,0.47552104473351886
-0.09584757723343933,-1.1979291566016277,-1.0447291544039983,-0.23377607046707088,-0.039963627482868115
1.0604904859046431,-1.6999809950253923,-0.9090042142418623,0.5207035403850331,1.6285788641648662
0.03263442978189046,-0.8799629922665867,-0.03131626786003844,-1.675169953885777,0.24490948084717706
0.28959844381260713,-1.967741975518027,-0.881859226209419,-1.3598650418880351,0.22456140168078828
0.16111643679722024,0.341696481231171,-1.3252273640723915,0.047746172388320345,0.5229998961218798
0.28959844381260713,-0.394646215123649,-1.506193950955213,0.4756599815282986,-0.08065978581576613
-0.09584757723343933,0.2831237667484627,-0.13989621998981155,-0.8418641150343875,0.3059537183465843
0.03263442978189046,-1.1560915033996721,-1.0990191304688046,1.4440964969502916,-1.8034638219073245
-1.5091496544022385,-1.3150745855671924,-0.4565877470347689,-0.10990628361065087,0.1770825502924273
-1.252185640371522,-1.6832459337445653,-0.4113461003140033,-1.0670819093184605,-0.0670943997048403
1.0604904859046431,-0.7711850939413981,-0.366104453593318,-0.01981916589698171,-0.8471041010848837
-0.48129359827948587,-0.888330522906963,-0.5199260524437764,0.3855728638146294,0.09569023362675176
-1.123703633356192,-1.9593744448776507,-0.999487507683313,-1.2922997036027333,0.8146556975073878
-0.8667396193255325,-0.45321892960643156,-0.8999558848977415,1.1062698055239824,0.07534215446024255
0.5465624578432667,0.5090470940391421,-1.4880972922669709,-0.9995165710333587,1.269096132224488
-1.252185640371522,-0.45321892960643156,-1.108067459813006,-0.2225151807528874,0.3398671836238989
0.6750444648585965,-0.6707747262566601,0.5568251395091909,0.7346604449551224,-0.9895406552498458
-0.48129359827948587,-0.988740890591701,-1.108067459813006,-0.36890674703747456,-1.3625887733012705
-0.48129359827948587,-1.3401771774883213,-0.1670412080221744,-0.9319512327480567,-0.5690136858101809
0.9320084788893134,-0.13525276527139052,-2.275301945207344,-1.2022125858890642,-0.8810175663621981
-0.22432958424876911,-1.5158953209366688,-1.4609523042345276,0.3630510843860624,-0.7657117844190875
-0.8667396193255325,-2.2020328334490826,0.5206318221326267,0.3517901946718784,-0.5011867552554311
-0.3528115912641561,0.32496141995041855,-0.3389594655608748,-0.3463849676091073,-0.3723155872013947
0.8035264718739835,-0.9552707680301217,-0.13084789064561025,-1.0107774607475422,1.1402249641704512
0.16111643679722024,-1.0807837276360628,-0.1670412080221744,2.1873152180882127,-0.21631364692538604
-0.3528115912641561,-0.545261766650719,-1.017584166371555,0.05900706210250398,-1.7898984357963987
-1.123703633356192,0.3500640118716214,-2.094335358324442,0.19413773867290765,-0.12135594414866416
-0.6097756052948157,-1.649775811182986,-0.6013610165410259,-1.6188655053148588,-1.2676310705245486
-0.48129359827948587,-1.2983395242863658,-0.9090042142418623,-2.2607362190247264,-1.5185907135772794
-0.3528115912641561,-0.9469032373897455,-0.7642309447356054,0.047746172388320345,-0.0670943997048403
0.9320084788893134,0.4421068489159832,-0.610409345885147,0.22792040781565834,0.7807422322300732
-0.9952216263408622,-1.5661005047790006,-2.320543591928029,-0.8981685636053057,0.1702998572369644
0.8035264718739835,-1.8087588933505063,0.31252024721736216,-0.19999340132431986,-0.37909828025685754
-0.9952216263408622,-0.9971084212321516,-1.6328705617732278,-1.9454313070269846,-0.37909828025685754
-1.3806676473869086,-1.3820148306903515,-0.8185209208004115,-2.3395624470242122,0.021080610016418668
-0.09584757723343933,-1.0389460744341072,0.7287433970478913,-0.8531250047485712,0.2788229461246121
-2.2800416964942745,0.29985882802921515,-0.47468440572301096,-1.6301263950290423,1.6624923294423013
1.5744185139660196,-1.4991602596558418,-0.13989621998981155,-0.2675587396096218,-2.5224292857880806
-1.123703633356192,-0.9385357067493691,-1.985755406194749,-0.5716027618933802,-0.8199733288629114
-1.7661136684328984,-0.5285267053699664,-0.7913759327679682,0.3180075255293275,-0.684319467753412
-0.09584757723343933,-0.18545794911372246,0.4301485286911759,-1.1571690270321295,-0.40622905247870933
1.1889724929199725,-0.6958773181778631,-0.23942784277530302,0.7233995552409388,-0.12135594414866416
0.8035264718739835,-1.6079381579810306,-0.24847617211950432,-0.8193423356058201,-0.13492133025959
-1.123703633356192,-1.0473136050744833,-0.9632941903066685,-0.36890674703747456,-0.9081483385841703
-1.5091496544022385,-0.4030137457640253,-0.646602663261711,2.198576107802396,-0.4401425177561444
1.7029005209813488,0.10740562330011537,0.00487704951652582,0.2166595181014747,1.3979673002786448
1.5744185139660196,-1.1142538501976422,-0.8909075555535401,-1.1571690270321295,0.807873004451925
-0.9952216263408622,-0.17709041847334622,-1.8952721127533791,0.3067466358151442,0.4483902725115467
-0.09584757723343933,-1.089151258276439,-0.366104453593318,0.22792040781565834,-2.2443388705134986
0.16111643679722024,-0.3611760925620698,-0.3570561242491971,-0.5378200927506293,0.2381267877917141
-0.3528115912641561,-1.5158953209366688,-0.09465457326904599,1.1513133643807172,-1.1523252885814381
0.8035264718739835,-0.9803733599513248,-2.2572052865190213,0.9486173495250116,-0.8199733288629114
0.28959844381260713,-1.649775811182986,-1.2075990825985776,-0.6616898796070494,0.2788229461246121
1.1889724929199725,-1.2146642178823803,-1.5966772443966637,-0.4477329750369601,1.289444211390997
0.28959844381260713,-0.7293474407394426,-0.8004242621121694,-1.7765179613138298,0.10247292668221471
-0.8667396193255325,-0.6624071956162838,-0.9904391783391118,0.4756599815282986,0.25169217390276044
0.41808045082793693,-0.4950565828083871,-0.22133118408706098,1.0387044672386807,-0.45370790386707016
-0.22432958424876911,-0.018107336305825623,-0.8728108968652982,0.7346604449551224,0.03464599612734448
0.5465624578432667,-0.1268852346309399,-0.4203944296582046,-1.6076046156006751,-0.29770596359106155
0.16111643679722024,-0.009739805665449384,-0.5289743817878975,-1.4499521596017042,-1.023454120527281
-1.5091496544022385,-1.532630382217421,-1.7233538552146788,-0.8531250047485712,0.5365652822328056
-0.22432958424876911,-0.4281163376852284,-1.5966772443966637,-0.031080055611165343,1.676057715553227
0.16111643679722024,-1.0389460744341072,-0.8999558848977415,0.22792040781565834,0.5297825891773427
-1.6376316614175683,0.35843154251199777,-0.863762567521177,0.025224392959752973,-0.12813863720412708
0.03263442978189046,-1.0138434825129041,-3.5511163827313736,1.7030969603771158,-0.09422517192669198
-0.48129359827948587,0.38353413443320084,0.8192266904892618,-0.7742987767490856,-0.9963233483054292
0.16111643679722024,-0.988740890591701,-0.3118144775285118,-0.9319512327480567,-0.4401425177561444
-0.9952216263408622,-0.570364358571922,-1.5966772443966637,-1.6864308436001607,-0.28414057748013577
-0.8667396193255325,-1.9259043223160714,-1.8590787953767343,-0.031080055611165343,-1.0777156649711048
1.0604904859046431,-1.1895616259612514,-1.4880972922669709,1.2639222615229535,0.8553518558402858
0.9320084788893134,-1.649775811182986,-0.22133118408706098,-1.3823868213164023,-0.5147521413663569
-0.3528115912641561,0.09067056201936288,0.2672786004965966,0.3067466358151442,-1.1794560608032898
2.088346542027396,0.6680301762066623,0.7377917263920122,0.7008777758123714,-1.3015445358019837
-0.3528115912641561,-0.2858683167984605,0.8101783611451407,1.4553573866644753,0.25169217390276044
0.6750444648585965,-0.26076572487725735,-1.4157106575138423,0.2617030769582092,-0.2027482608143397
-0.8667396193255325,-0.20219301039454918,-1.252840729319263,-1.0896036887470277,-0.596144458032153
0.8035264718739835,-1.0640486663553104,1.362126451137806,0.3405293049576948,-1.2472829913580394
1.1889724929199725,-1.1142538501976422,1.0544832534369695,-0.2112542910385035,0.15673447112603853
-0.8667396193255325,-0.3862786844831985,-1.7776438312794849,-0.16621073218176913,-0.37909828025685754
-1.123703633356192,-1.549365443498248,0.8101783611451407,0.37431197410024564,-0.45370790386707016
-0.09584757723343933,-2.4865288752225436,-0.4113461003140033,0.531964430099217,-0.7182329330307267
1.8313825279967362,0.5174146246795182,-1.0085358370274342,-1.6188655053148588,-1.1862387538587527
-0.09584757723343933,0.4337393182755328,-0.013219609171796496,1.1062698055239824,-0.5486656066437922
0.03263442978189046,0.17434586842327418,-1.1261641185012479,-0.8643858944627548,-0.596144458032153
1.1889724929199725,-0.009739805665449384,0.203940295087589,-0.5828636516075637,0.5501306683437315
0.41808045082793693,-0.813022747143428,-1.3523723521048348,-0.8193423356058201,1.533621161388144
1.8313825279967362,-0.7711850939413981,-0.999487507683313,1.3089658203796883,-0.3655328941458113
0.28959844381260713,-1.549365443498248,-0.1670412080221744,-0.8080814458916366,-1.2201522191361878
0.41808045082793693,-0.5117916440891396,-0.8185209208004115,-2.2156926601679916,-0.9759752691389201
-0.7382576123101455,-0.059944989507781335,-0.5018293937554542,0.05900706210250398,0.6043922127875553
1.1889724929199725,-0.3026033780792872,-0.746134286047283,0.4531382020997312,-0.5283175274774033
0.5465624578432667,-0.9552707680301217,-0.10370290261324729,0.554486209527784,0.5569133613991945
-0.3528115912641561,-0.2105605410349254,0.5387284808208687,-1.168429916746513,-0.22987903303631188
0.28959844381260713,-0.8046552165030518,-1.7504988432470416,-0.06486272475391619,0.7332633808417124
-0.7382576123101455,-0.9301681761089186,-1.3523723521048348,-0.8418641150343875,0.2720402530691492
-1.894595675448285,0.5174146246795182,-0.24847617211950432,0.5995297683845187,-1.6474618816313158
-1.5091496544022385,0.5006795633986912,-0.6375543339175902,-2.1143446527401393,0.47552104473351886
0.41808045082793693,0.10740562330011537,-0.22133118408706098,1.9170538649470052,-1.1319772094149287
-2.0230776824636147,-0.7293474407394426,0.04107036689309008,-0.7179943281779675,0.09569023362675176
1.31745449993536,-1.0640486663553104,-0.23037951343118201,0.396833753528813,0.3263017975129731
0.28959844381260713,-1.4907927290154657,-0.39324944162576136,1.3877920483791737,1.29622690444646
-0.6097756052948157,-0.5285267053699664,-0.22133118408706098,0.2166595181014747,-1.8645080594066112
-0.09584757723343933,-1.540997912857872,-0.2937178188401896,-0.9319512327480567,1.4115326863895705
-0.09584757723343933,-1.6832459337445653,-1.8228854780001698,-0.2450369601812545,-0.7521463983081617
-1.5091496544022385,-1.5577329741386243,-0.47468440572301096,-0.9882556813189749,0.7400460738971752
-0.3528115912641561,-0.9050655841877898,-0.27562116015194754,0.9824000186677626,1.255530746113562
-0.9952216263408622,-1.2397668098035834,-1.2437923999751417,-0.9432121224622404,-0.5351002205328663
0.16111643679722024,-0.4030137457640253,-0.2937178188401896,0.531964430099217,-0.7928425566410597
0.03263442978189046,0.6512951149258356,0.5206318221326267,-1.0670819093184605,1.655709636386838
1.5744185139660196,-0.570364358571922,0.022973708204767764,-0.031080055611165343,0.42125950028969505
0.8035264718739835,-1.1393564421188451,-0.27562116015194754,-0.042340945325349134,-0.6232752302540047
-0.22432958424876911,-0.48668905216801084,-1.017584166371555,0.8697911215255261,-0.2637924983136265
0.9320084788893134,-0.44485139896598086,0.022973708204767764,1.3765311586649898,-0.7114502399752637
-0.09584757723343933,-0.22729560231567802,-0.3389594655608748,1.1963569232376514,1.5811000127765051
-0.6097756052948157,0.33332895059079465,-0.610409345885147,-1.1571690270321295,-0.24344441914723772
-1.252185640371522,-1.4405875451730592,0.8011300318010197,-0.8756467841769384,-0.006050162205433023
-0.8667396193255325,-0.612202011773952,0.9006616545865915,-0.8531250047485712,0.14316908501499226
0.6750444648585965,0.12414068458094223,-0.3027661481843105,1.2977049306655046,-0.8199733288629114
0.41808045082793693,-0.3277059700004903,0.21298862443179037,0.5432253198134004,-0.02639824137194229
-0.22432958424876911,0.33332895059079465,-1.4880972922669709,0.8472693420971585,-2.502081206621692
-0.7382576123101455,-0.4783215215275603,-0.34800779490507616,-1.517517497887006,-0.8335387149738372
-0.22432958424876911,-0.41974880704477785,0.39395521131461164,-0.2225151807528874,-0.3655328941458113
-0.7382576123101455,-0.059944989507781335,-0.3389594655608748,-0.36890674703747456,1.2758788252799507
0.16111643679722024,-0.21892807167530168,-0.6918443099824767,-0.29008051903798904,-0.04674632053833104
-0.9952216263408622,-0.6205695424143283,-0.3299111362167538,-0.1774716218959526,1.0181364891717573
0.41808045082793693,-0.8464928697050074,-1.0899708011246836,0.20539862838709097,1.0995288058375534
-1.7661136684328984,0.1492432765020711,0.2310852831200323,1.2414004820945865,1.0656153405601185
-0.3528115912641561,0.5843548698026769,0.13155366033446053,0.07026795181668728,-0.40622905247870933
-0.09584757723343933,0.18271339906365042,-0.3570561242491971,-0.48151564417971093,0.9977884100053687
-0.3528115912641561,-0.20219301039454918,-0.6375543339175902,2.45757657122922,-0.08065978581576613
1.959864535012066,-1.7920238320697541,-0.728037627359041,-1.4612130493158881,-1.2947618427464005
0.16111643679722024,-1.5242628515770449,-0.2575245014636253,-0.5603418721789966,-0.3723155872013947
-0.6097756052948157,-0.1938254797540987,-0.13084789064561025,0.37431197410024564,0.5772614405657036
0.5465624578432667,-0.8297578084241806,1.0544832534369695,0.2842248563865765,-0.11457325109320123
1.31745449993536,1.3458001580786996,-0.07655791458080405,-0.25629784989543813,-0.8403214080294207
0.03263442978189046,0.2245510522656804,-0.5651676991644617,-0.23377607046707088,0.15673447112603853
0.9320084788893134,-1.1226213808380927,-0.34800779490507616,1.62427073237763,-0.039963627482868115
-2.151559689478945,0.06556797009815991,-1.0356808250598775,0.22792040781565834,-1.2608483774690857
0.5465624578432667,0.4839445021179387,-2.0038520648830715,-0.3463849676091073,-0.928496417750559
0.28959844381260713,0.39190166507357693,-0.863762567521177,-0.5603418721789966,-0.37909828025685754
1.5744185139660196,-1.5158953209366688,-0.13989621998981155,-0.33512407789492366,-0.11457325109320123
2.088346542027396,0.9190560954185445,-0.013219609171796496,-1.3260823727452842,-0.060311706649256884
2.2168285490427255,-1.0054759518725278,-0.9361492022743055,-0.1774716218959526,0.7264806877862494
0.03263442978189046,-0.71261237945869,-0.3570561242491971,1.2301395923802028,0.4619556586225929
-0.8667396193255325,0.341696481231171,-1.5876289150525424,0.2617030769582092,0.7671768461191474
-1.3806676473869086,-0.9469032373897455,-0.38420111228164033,-0.031080055611165343,0.5704787475102406
0.6750444648585965,-0.5201591747295902,-0.3118144775285118,0.531964430099217,-0.8267560219183743
0.6750444648585965,-0.05157745886740496,-1.524290609643535,0.6220515478128859,-0.31805404275745036
0.03263442978189046,-0.5870994198527488,-0.44753941769064787,-0.27881962932380555,-0.46049059692253314
-0.22432958424876911,0.38353413443320084,-0.20323452539873876,-0.45899386475114373,0.8960480141731839
0.8035264718739835,0.8939535034973417,0.22203695377591137,0.396833753528813,-0.8267560219183743
1.4459365069506893,-0.18545794911372246,0.12250533099033957,0.37431197410024564,-0.14170402331505294
1.5744185139660196,-0.3444410312812429,-0.48373273506721215,-1.708952623028528,2.632417436375788
1.0604904859046431,-1.0807837276360628,0.22203695377591137,-0.23377607046707088,0.13638639195952929
-1.6376316614175683,-0.6540396649759076,-0.4203944296582046,1.0161826878103133,0.37378064890133406
0.28959844381260713,0.8855859728568908,-0.5561193698203407,0.8022257832402242,0.6179575988986016
0.9320084788893134,-0.9218006454685423,-0.5651676991644617,2.8967512700833824,-1.2337176052471135
-0.48129359827948587,-0.3862786844831985,0.5930184568857552,-1.3823868213164023,-1.4236330108005575
1.0604904859046431,1.8143818739408855,1.2083048522873476,1.8720103060902702,0.3805633419567969
0.6750444648585965,-0.3026033780792872,-0.0041712798276755236,-0.6954725487496002,-1.559286871910057
1.0604904859046431,0.2078159909848534,-1.524290609643535,-0.6616898796070494,0.6654364502869626
-0.48129359827948587,-0.18545794911372246,1.0997249001576548,0.6558342169556369,0.23134409473625117
1.0604904859046431,-0.5536292972911695,0.9006616545865915,1.7594014089482344,-0.1010078649821549
2.6022745700887726,0.4421068489159832,-0.23037951343118201,-0.1774716218959526,-2.034075385793666
-0.6097756052948157,-0.37791115384282226,-0.2846694894960686,-0.4364720853227765,-0.4333598247006815
-2.2800416964942745,0.6512951149258356,-1.0447291544039983,0.2842248563865765,-1.4304157038560203
-0.9952216263408622,-1.0807837276360628,-0.4022977709698823,0.49818176095666583,-1.2405002983025764
-0.09584757723343933,1.8478519965024647,-1.8319338073443714,-0.42521119560859283,0.97744033083898
-0.09584757723343933,-0.6540396649759076,0.14965031902278284,0.20539862838709097,-0.4197944385896351
-1.123703633356192,-0.9720058293109485,-0.27562116015194754,2.1647934386596455,-0.6504060024759769
-0.48129359827948587,0.6261925230046325,-0.049412926548360755,0.07026795181668728,-0.3384021219239596
-1.5091496544022385,-0.7795526245818487,0.4482451873794179,-0.031080055611165343,-2.7055619982860617
2.473792563073442,0.7182353600489942,-1.7685955019353636,-0.01981916589698171,0.3669979558458711
0.41808045082793693,0.21618352162522964,-0.7008926393265977,1.1963569232376514,-1.1794560608032898
-2.0230776824636147,-0.5117916440891396,-0.863762567521177,-0.8981685636053057,1.5539692405546535
0.41808045082793693,-0.08504758142898444,-0.4565877470347689,0.554486209527784,-0.33161942886849666
1.5744185139660196,-1.5075277902962925,0.8554200078658261,-0.13242806303901813,-1.3558060802458076
-0.09584757723343933,-0.21892807167530168,0.9278066426189545,1.4666182763786595,-0.21631364692538604
-0.6097756052948157,0.015362786255753585,2.176476092110622,-0.515298313322262,-1.7017234260751397
0.5465624578432667,0.4337393182755328,0.1586986483669038,2.097228100374543,1.1334422711149885
1.31745449993536,1.0194664631032826,-0.1851378667104968,-0.1436889527534017,-0.7589290913636245
-0.3528115912641561,0.45047437955635955,0.4934868341001834,1.0612262466670481,0.2042133225143995
0.9320084788893134,-1.030578543793731,-0.4113461003140033,-0.3126022984665564,-1.2811964566354745
-0.09584757723343933,-0.5870994198527488,-1.2256957412868197,-0.042340945325349134,-0.6707540816423657
0.16111643679722024,0.4923120327583151,0.4482451873794179,1.635531622091814,-0.34518481497942255
-1.252185640371522,-1.432220014532683,0.12250533099033957,2.4688374609434036,-1.023454120527281
-0.8667396193255325,0.592722400443053,0.7649367144244554,0.17161595924454007,0.37378064890133406
0.41808045082793693,0.7851756051721529,-0.13084789064561025,-0.5490809824648129,0.31273641140204717
0.28959844381260713,-0.7460825020202694,-0.7732792740797262,0.013963503245569343,1.2419653600026361
2.088346542027396,0.2245510522656804,0.5568251395091909,-1.3260823727452842,-0.9488444969170684
1.5744185139660196,0.006995255615377344,0.583970127541554,-1.4612130493158881,-0.37909828025685754
0.28959844381260713,0.6010899310835038,-0.8547142381769758,-0.2675587396096218,-0.5418829135883292
0.5465624578432667,-0.11015017335018741,0.1858436363993471,0.29548574610096023,1.676057715553227
-0.48129359827948587,-0.5368942360103427,0.5658734688533119,-0.639168100178482,-0.006050162205433023
-0.7382576123101455,0.32496141995041855,0.4844385047560625,-0.042340945325349134,-0.1620521024814417
-0.09584757723343933,-0.545261766650719,0.050118696237211054,-0.09864539389646708,-0.29770596359106155
0.41808045082793693,-0.41974880704477785,-1.506193950955213,0.20539862838709097,-1.064150278860179
-0.09584757723343933,-0.17709041847334622,-0.13989621998981155,0.11531151067342181,-1.2608483774690857
0.41808045082793693,-1.8756991384736652,-0.48373273506721215,0.6445733272414532,0.08890754057116836
-0.09584757723343933,-0.08504758142898444,-0.9451975316184266,-0.9882556813189749,0.6722191433424256
0.9320084788893134,0.6931327681277911,-0.2846694894960686,1.725618739805483,1.1402249641704512
0.28959844381260713,0.04883290881733306,-0.21228285474294006,-1.4499521596017042,0.04142868918280742
1.7029005209813488,-0.13525276527139052,-0.23037951343118201,0.9824000186677626,-0.7317983191416524
-0.3528115912641561,0.45884191019673565,-0.8275692501446129,0.9373564598108277,-1.2405002983025764
0.16111643679722024,-0.026474866946201863,0.6744534209830048,1.635531622091814,-0.9013656455287075
-1.7661136684328984,0.4839445021179387,-0.9723425196508697,-0.12116717332483434,1.0791807266711648
0.03263442978189046,-0.05157745886740496,-0.746134286047283,0.3067466358151442,1.0588326475046554
-0.7382576123101455,0.2245510522656804,-1.0447291544039983,1.635531622091814,-1.5118080205218163
2.088346542027396,0.8855859728568908,0.3577618939380474,1.1400524746665335,-0.24344441914723772
0.6750444648585965,0.6010899310835038,0.2853752591849189,0.6445733272414532,1.0859634197266275
0.5465624578432667,-0.394646215123649,-0.8094725914562905,1.2977049306655046,-1.538938792743668
-0.22432958424876911,0.36679907315237387,0.4030035406587326,0.12657240038780554,-0.7996252496965227
0.6750444648585965,-0.09341511206936068,-1.7776438312794849,1.1963569232376514,-0.37909828025685754
-1.6376316614175683,-0.394646215123649,-0.5832643578527037,1.275183151237137,-1.7152888121861858
3.501648619196195,1.6219286692117856,0.2853752591849189,1.714357850091299,1.2419653600026361
1.31745449993536,-0.46158646024680783,-0.881859226209419,-0.27881962932380555,-0.8267560219183743
-1.5091496544022385,-0.3193384393600398,0.846371678521705,0.07026795181668728,1.3776192211121356
-0.8667396193255325,-0.4281163376852284,0.846371678521705,0.8585302318113421,-1.2269349121916506
-0.7382576123101455,0.2078159909848534,-1.0356808250598775,-0.19999340132431986,0.3602152627904081
1.0604904859046431,-1.3987498919711039,-0.646602663261711,-1.731474402456895,1.289444211390997
0.16111643679722024,-1.231399279163207,0.10440867230201725,0.6670951066698205,-1.064150278860179
-0.22432958424876911,0.12414068458094223,-0.7642309447356054,-0.42521119560859283,2.184759694714151
-1.7661136684328984,0.8437483196549355,0.8192266904892618,0.9936609083819462,1.954148130827809
-0.3528115912641561,0.8270132583741827,-0.4113461003140033,0.16035506953035678,-1.5660695649656402
0.03263442978189046,0.2245510522656804,-0.38420111228164033,0.32926841524351114,-0.6436233094205139
-0.3528115912641561,0.1157731539404916,0.39395521131461164,-1.2585170344601824,-0.35196750803488547
-0.6097756052948157,0.17434586842327418,-0.1670412080221744,1.635531622091814,-0.12135594414866416
-3.0509337385863677,0.36679907315237387,0.068215354925453,1.25266137180877,2.1711943086032246
-2.2800416964942745,1.0194664631032826,-0.7913759327679682,0.8923129009538934,-1.3965022385785852
1.1889724929199725,1.647031261132914,0.13155366033446053,0.20539862838709097,0.6111749058430183
0.5465624578432667,1.0362015243840352,-0.6827959806382755,1.4891400558070267,-0.11457325109320123
-0.48129359827948587,0.21618352162522964,0.022973708204767764,-0.042340945325349134,-0.4944040621999683
-0.9952216263408622,1.295594974236294,-0.3118144775285118,1.2301395923802028,1.0859634197266275
-0.9952216263408622,-0.25239819423688115,-0.2937178188401896,-0.32386318818074006,0.22456140168078828
-1.6376316614175683,-0.13525276527139052,-0.5832643578527037,0.17161595924454007,-1.3761541594121964
-0.09584757723343933,0.45047437955635955,0.71969506770369,2.2323587769449467,-0.5486656066437922
-0.48129359827948587,-1.25650187108441,-0.26657283080774624,-1.8328224098847483,0.5433479752882686
-0.6097756052948157,-0.13525276527139052,-1.379517340137278,0.3630510843860624,-0.5351002205328663
2.345310556058113,-0.07668005078860819,-0.8999558848977415,0.531964430099217,0.0685594614047796
-0.7382576123101455,0.6763977068470387,0.3306169059056041,1.1400524746665335,0.14316908501499226
-0.3528115912641561,1.0529365856648618,0.2853752591849189,0.4869208712424822,-0.8064079427519855
1.0604904859046431,-0.05157745886740496,0.22203695377591137,-2.0017357555979025,-1.1658906746923638
0.41808045082793693,-0.5201591747295902,-0.4203944296582046,0.23918129752984196,-0.9556271899725313
-0.48129359827948587,1.6135611385713349,-1.1171157891571268,-0.031080055611165343,0.3330844905684359
0.5465624578432667,0.7015002987682417,-0.03131626786003844,-0.5603418721789966,0.29238833223553806
-0.48129359827948587,-0.269133255517708,-1.0990191304688046,-0.4477329750369601,0.97744033083898
-0.3528115912641561,0.16597833778289794,0.4120518700028536,-0.2450369601812545,2.2932827836017986
-0.6097756052948157,-0.269133255517708,-0.14894454933393256,-0.36890674703747456,0.9231787863951562
-1.123703633356192,0.06556797009815991,-0.44753941769064787,0.6333124375270696,-0.2705751913692099
-0.48129359827948587,0.9776288099012526,-0.0041712798276755236,-1.1346472476037623,1.5404038544436072
-0.9952216263408622,-0.3528085619216191,-1.2075990825985776,0.2166595181014747,0.4687383516780559
-1.3806676473869086,0.5425172166007213,-0.08560624392492501,0.3067466358151442,0.9163960933395726
-0.48129359827948587,-0.6540396649759076,0.692550079671327,-0.4477329750369601,-0.8335387149738372
0.8035264718739835,-0.08504758142898444,-0.3027661481843105,0.9824000186677626,-0.48083867608904246
0.41808045082793693,1.1366118920687733,-0.863762567521177,-0.19999340132431986,-0.12135594414866416
0.6750444648585965,1.2035521371919322,-0.0041712798276755236,-0.5265592030364457,-0.39944635942324636
-0.6097756052948157,-0.3444410312812429,-0.1760895373663758,1.579227173520696,-0.11457325109320123
0.9320084788893134,0.19944846034447714,1.1087732295018562,-0.954473012176424,0.1974306294588161
-0.22432958424876911,-0.8464928697050074,0.39395521131461164,-0.45899386475114373,-1.1998041399697987
0.03263442978189046,0.2245510522656804,1.1449665468784205,-0.5040374236080783,1.7031884877751993
0.28959844381260713,-0.09341511206936068,0.5930184568857552,1.5341836146639607,-0.3384021219239596
0.5465624578432667,0.5174146246795182,0.4211001993470549,1.0499653569528644,1.0113537961162944
-0.48129359827948587,-0.043209928227028724,0.1586986483669038,0.05900706210250398,-2.2239907913469894
-0.7382576123101455,-0.20219301039454918,-0.6285060045734694,0.49818176095666583,0.14316908501499226
0.41808045082793693,-0.3528085619216191,0.022973708204767764,-1.6188655053148588,-1.0370195066382069
2.473792563073442,0.5592522778814738,0.10440867230201725,0.11531151067342181,0.4483902725115467
0.16111643679722024,-0.9301681761089186,1.9050262117863503,-0.5941245413217473,0.25169217390276044
1.1889724929199725,-0.3193384393600398,0.9187583132748335,-0.2450369601812545,-0.42657713164521854
-0.22432958424876911,-1.0975187889168896,-1.3523723521048348,-0.29008051903798904,-0.012832855261016428
1.959864535012066,1.5884585466502064,-0.42944275900232565,0.2729639666723932,0.6383056780649904
2.2168285490427255,1.1533469533496004,-0.746134286047283,0.5094426506708495,-0.9691925760834572
2.730756577104102,0.2245510522656804,-0.39324944162576136,0.37431197410024564,0.84178646972936
0.16111643679722024,-0.0348423975865781,-0.6375543339175902,-1.4612130493158881,-1.613548416354001
1.8313825279967362,-0.3611760925620698,1.4345130858909343,1.185096033523468,-0.012832855261016428
0.03263442978189046,0.023730316896129824,-0.4113461003140033,1.218878702666019,-0.039963627482868115
-0.8667396193255325,0.634560053645083,0.27632692984071755,0.4643990918139148,0.6790018363978885
0.03263442978189046,0.8939535034973417,0.08631201361377532,0.16035506953035678,1.5064903891662926
-0.3528115912641561,0.07393550073853616,0.4663418460677402,0.9824000186677626,0.03464599612734448
-0.7382576123101455,-0.612202011773952,0.09536034295789629,2.1647934386596455,1.1809211225033494
0.5465624578432667,0.10740562330011537,0.6201634449181181,-0.45899386475114373,-0.175617488592488
-0.22432958424876911,-0.05157745886740496,-0.44753941769064787,0.37431197410024564,0.11603831279314054
-2.0230776824636147,-0.5117916440891396,-2.0038520648830715,-0.05360183503973272,0.3805633419567969
-1.5091496544022385,-0.9803733599513248,0.6563567622946823,-0.6954725487496002,0.10925561973767761
1.0604904859046431,-0.6540396649759076,-0.7551826153914039,0.9936609083819462,0.3602152627904081
0.41808045082793693,0.32496141995041855,-0.646602663261711,-0.1436889527534017,0.10247292668221471
0.03263442978189046,0.6763977068470387,-0.3570561242491971,-0.8418641150343875,1.6353615572203288
0.03263442978189046,-0.009739805665449384,1.0725799121252917,-0.7179943281779675,0.054994075293853764
1.1889724929199725,0.5341496859602707,-0.0041712798276755236,0.813486672954608,-0.5215348344218199
0.41808045082793693,-0.043209928227028724,1.2264015109756699,-0.954473012176424,0.16351716418150147
2.345310556058113,0.16597833778289794,-0.48373273506721215,-0.48151564417971093,0.4483902725115467
-0.22432958424876911,-2.076519873843141,0.068215354925453,-0.19999340132431986,0.42804219334515786
-0.09584757723343933,1.5131507708865968,1.8959778824421487,1.2301395923802028,2.177977001658688
0.8035264718739835,0.33332895059079465,-0.23037951343118201,-0.01981916589698171,-0.4944040621999683
-0.9952216263408622,-0.043209928227028724,1.1540148762225413,0.16035506953035678,-0.39266366636778344
0.41808045082793693,0.3500640118716214,0.8282750198333828,-0.8643858944627548,1.5200557752772184
-0.48129359827948587,-0.29423584743891096,-0.39324944162576136,-1.078342799032644,0.31273641140204717
1.0604904859046431,0.33332895059079465,-1.307130705384069,-1.2359952550316151,0.6111749058430183
0.03263442978189046,0.7098678294086181,0.3306169059056041,-0.00855827618279792,-0.31805404275745036
0.28959844381260713,1.6637663224137411,-0.38420111228164033,-0.3463849676091073,-0.060311706649256884
1.7029005209813488,-0.16872288783297,0.6382601036064405,0.7008777758123714,0.1702998572369644
0.28959844381260713,0.21618352162522964,0.6292117742623194,0.9598782392391952,-0.21631364692538604
0.16111643679722024,0.10740562330011537,-0.32086280687263286,0.6783559963840041,1.3844019141675985
1.959864535012066,-0.5536292972911695,-0.4022977709698823,0.8923129009538934,0.84178646972936
-1.5091496544022385,0.7015002987682417,-0.5561193698203407,0.9148346803824607,0.0685594614047796
-1.123703633356192,0.2831237667484627,0.8825649958982693,0.3067466358151442,0.3873460350122599
1.1889724929199725,0.2747562361080121,0.8101783611451407,0.11531151067342181,0.03464599612734448
1.31745449993536,-0.001372275024998895,-0.21228285474294006,0.17161595924454007,0.15673447112603853
1.31745449993536,0.1576108071425217,-0.049412926548360755,0.9373564598108277,1.0181364891717573
-0.09584757723343933,0.4755769714775626,0.22203695377591137,-0.7067334384637838,0.12282100584860349
-0.3528115912641561,0.9106885647780942,0.22203695377591137,0.4531382020997312,-0.6097098441430789
-0.3528115912641561,0.45884191019673565,-0.737085956703162,0.18287684895872372,0.7671768461191474
-0.48129359827948587,-1.0054759518725278,0.32156857656148313,-0.7855596664632694,1.6489269433313751
1.7029005209813488,1.1449794227092236,-0.48373273506721215,0.05900706210250398,1.689623101664153
-0.8667396193255325,0.5843548698026769,0.2853752591849189,0.5770079889561514,-0.18240018164795094
0.5465624578432667,1.3206975661574967,-0.22133118408706098,-1.213473475603248,0.42804219334515786
1.5744185139660196,1.521518301526973,-0.22133118408706098,-0.4477329750369601,0.0685594614047796
0.8035264718739835,1.7809117513793062,-1.026632495715676,0.7346604449551224,1.255530746113562
0.6750444648585965,-0.8548604003453837,0.04107036689309008,0.3180075255293275,0.08212484751570542
1.4459365069506893,0.42537178763515643,0.71969506770369,0.6558342169556369,0.3534325697349453
-0.48129359827948587,0.14087574586169485,0.068215354925453,-0.1774716218959526,0.10247292668221471
0.9320084788893134,0.592722400443053,-0.10370290261324729,0.8810520112397098,-0.2027482608143397
0.16111643679722024,-0.29423584743891096,-0.44753941769064787,0.1040506209592385,1.16057304333684
-0.09584757723343933,0.07393550073853616,-0.646602663261711,-0.2225151807528874,0.06177676834931667
-0.7382576123101455,0.015362786255753585,-1.3342756934165123,0.3067466358151442,1.3776192211121356
-0.48129359827948587,1.3625352193594524,-0.4384910883464465,0.3180075255293275,0.848569162784823
1.1889724929199725,1.128244361428397,-0.4565877470347689,-0.6504289898926656,0.14316908501499226
-0.6097756052948157,1.8729545884235932,-0.049412926548360755,0.3405293049576948,0.6518710641759162
-1.6376316614175683,0.09903809265973913,0.5930184568857552,0.22792040781565834,-1.0912810510820308
0.16111643679722024,-0.29423584743891096,-0.5651676991644617,0.6670951066698205,1.0927461127820906
0.28959844381260713,-0.018107336305825623,-0.3027661481843105,1.3990529380933574,0.22456140168078828
0.5465624578432667,0.467209440837112,1.4435614152350553,1.8494885266619034,0.14316908501499226
-0.48129359827948587,-0.9134331148281661,-0.9542458609625475,-1.0558210196042768,0.9977884100053687
1.0604904859046431,1.3625352193594524,0.4030035406587326,-0.7517769973207185,1.0045711030608315
-0.22432958424876911,0.6680301762066623,0.4030035406587326,0.712138665526555,2.0287577544381423
-0.22432958424876911,0.592722400443053,-0.5742160285085827,-0.5490809824648129,0.6857845294533513
0.5465624578432667,-0.8046552165030518,0.8735166665541483,-0.01981916589698171,0.6654364502869626
-0.22432958424876911,-1.130988911478469,-0.38420111228164033,0.7571822243834897,-0.35875020109034833
-0.48129359827948587,1.2704923823151648,2.185524421454743,0.7346604449551224,-1.3693714663567333
-0.9952216263408622,0.12414068458094223,-0.7913759327679682,-0.8981685636053057,-0.1620521024814417
-0.9952216263408622,0.9776288099012526,0.6835017503271258,1.7706622986624176,-0.1010078649821549
-0.22432958424876911,0.7015002987682417,-0.08560624392492501,0.554486209527784,0.6993499155642772
0.03263442978189046,0.33332895059079465,-1.7052571965263563,1.4553573866644753,-1.613548416354001
-0.09584757723343933,-0.14362029591176675,-0.6646993219500335,0.2729639666723932,1.7099711808306621
0.41808045082793693,0.2245510522656804,-0.34800779490507616,-0.0873845041822836,-0.34518481497942255
-0.48129359827948587,0.8270132583741827,-0.5470710404761393,-0.0873845041822836,-1.016671427471818
1.7029005209813488,1.5884585466502064,-0.22133118408706098,0.11531151067342181,1.5404038544436072
0.16111643679722024,1.5633559547290028,-0.3299111362167538,1.4440964969502916,-0.9217137246950963
1.0604904859046431,0.9023210341377178,-0.14894454933393256,0.3405293049576948,-0.9624098830279942
0.6750444648585965,0.29985882802921515,-0.5742160285085827,-0.3463849676091073,0.2381267877917141
0.5465624578432667,0.2831237667484627,0.10440867230201725,0.2617030769582092,0.5162172030664168
-0.8667396193255325,0.0823030313789124,-0.44753941769064787,-0.9995165710333587,1.8456250419401616
0.28959844381260713,-0.27750078615808427,-1.4066623281696409,-0.639168100178482,2.6256347433202047
0.41808045082793693,-1.0138434825129041,-0.049412926548360755,-0.19999340132431986,1.167355736392303
-1.5091496544022385,1.8227494045812613,-0.42944275900232565,0.2729639666723932,0.9910057169499059
-0.9952216263408622,-0.6373046036950808,0.14060198967866186,0.03648528267413639,-0.935279110806022
-0.3528115912641561,-0.6540396649759076,1.126869888190098,-0.3801676367516584,0.19064793640335317
0.03263442978189046,-0.4113812764044016,-0.881859226209419,0.4756599815282986,-0.31805404275745036
0.16111643679722024,-0.6540396649759076,1.2173531816315488,-0.031080055611165343,1.0045711030608315
-0.9952216263408622,1.2621248516747148,1.407368097858491,-0.8418641150343875,-0.46049059692253314
0.16111643679722024,1.9984675480295346,0.2310852831200323,1.2864440409513207,0.6043922127875553
-0.22432958424876911,-1.40711742261148,-0.08560624392492501,0.9148346803824607,-0.03318093442740521
-1.5091496544022385,-0.5285267053699664,0.5296801514767476,-0.1887325116101364,-0.7724944774745505
1.959864535012066,0.7851756051721529,0.013925378860646792,0.07026795181668728,0.9096134002841098
-1.5091496544022385,0.023730316896129824,0.4482451873794179,1.25266137180877,-0.12813863720412708
0.8035264718739835,-0.9971084212321516,-0.9904391783391118,-0.42521119560859283,2.1983250808250765
0.41808045082793693,-0.5285267053699664,1.2264015109756699,1.635531622091814,0.31951910445751014
-0.9952216263408622,0.5174146246795182,-0.9271008729301043,-0.6166463207501148,0.0685594614047796
-0.9952216263408622,0.7433379519701974,0.12250533099033957,-0.7179943281779675,0.7400460738971752
-0.7382576123101455,-0.31097090871966343,0.8282750198333828,0.8472693420971585,0.7332633808417124
-0.8667396193255325,0.07393550073853616,-0.1579928786780536,0.3405293049576948,-0.0670943997048403
-0.48129359827948587,0.7015002987682417,-0.2846694894960686,1.781923188376601,0.7739595391746102
0.03263442978189046,-0.43648386832560465,0.00487704951652582,-0.515298313322262,1.954148130827809
1.1889724929199725,1.0110989324628321,-0.04036459720423978,1.7594014089482344,1.3165749836128486
0.28959844381260713,0.015362786255753585,0.203940295087589,-0.031080055611165343,-0.35196750803488547
-0.09584757723343933,1.002731401822456,0.203940295087589,0.4869208712424822,-0.5147521413663569
-0.6097756052948157,-0.009739805665449384,0.5749217981974329,-1.1571690270321295,-0.35875020109034833
0.5465624578432667,-0.4281163376852284,0.3668102232821684,0.2729639666723932,1.0791807266711648
0.8035264718739835,-0.3528085619216191,0.032022037548888736,-0.2450369601812545,-0.21631364692538604
-0.6097756052948157,0.2580211748272596,0.71969506770369,0.3517901946718784,-0.48083867608904246
-0.48129359827948587,1.3206975661574967,-0.48373273506721215,-0.515298313322262,0.3534325697349453
-0.09584757723343933,0.8437483196549355,-1.5514355976759782,2.401272122658101,0.801090311396462
-0.7382576123101455,-0.026474866946201863,-0.3389594655608748,-0.19999340132431986,-0.4401425177561444
0.8035264718739835,0.37516660379275024,-1.1804540945661344,2.3111850049444325,-1.159107981636901
0.03263442978189046,1.2788599129555411,0.7739850437685765,-0.4477329750369601,-0.7453637052526987
-1.123703633356192,0.9274236260589209,0.11345700164621858,0.5770079889561514,1.2351826669471733
-0.6097756052948157,-0.3444410312812429,0.6292117742623194,0.4756599815282986,1.6489269433313751
-0.3528115912641561,0.14087574586169485,0.10440867230201725,0.12657240038780554,2.049105833604531
0.03263442978189046,-0.17709041847334622,0.2672786004965966,0.396833753528813,0.42804219334515786
0.16111643679722024,-0.27750078615808427,0.7377917263920122,-0.13242806303901813,-0.37909828025685754
0.03263442978189046,0.467209440837112,0.7468400557361332,1.0837480260956154,-0.935279110806022
-2.0230776824636147,0.4755769714775626,0.05916702558133202,-0.5490809824648129,0.37378064890133406
0.8035264718739835,0.467209440837112,-1.1171157891571268,-0.1887325116101364,-0.18918287470341388
1.7029005209813488,0.1157731539404916,1.244498169663992,-1.1346472476037623,-0.02639824137194229
0.9320084788893134,0.810278197093356,-0.1670412080221744,0.8247475626687916,-0.4469252108116073
-0.09584757723343933,0.006995255615377344,0.8192266904892618,-0.8981685636053057,1.4318807655559593
1.5744185139660196,-0.9971084212321516,0.24013361246415327,-0.031080055611165343,0.23134409473625117
0.16111643679722024,-0.18545794911372246,0.6654050916388837,0.8360084523829752,0.4348248864006207
-0.6097756052948157,0.29149129738883905,-0.1760895373663758,-0.4364720853227765,0.6993499155642772
1.31745449993536,0.8855859728568908,0.2853752591849189,0.5995297683845187,-1.0098887344163552
0.28959844381260713,-0.5034241134487634,0.2944235885290398,1.2076178129518356,-0.48083867608904246
-0.48129359827948587,-0.4950565828083871,1.0182899360604052,0.9824000186677626,-0.928496417750559
0.8035264718739835,-0.3026033780792872,-0.8185209208004115,0.7571822243834897,0.8892653211177208
-1.5091496544022385,1.3960053419210317,1.4707064032674986,1.1062698055239824,0.23134409473625117
-0.8667396193255325,1.0529365856648618,-1.1623574358778122,-0.3126022984665564,0.39412872806772287
-1.123703633356192,1.0696716469456145,0.3577618939380474,-0.2112542910385035,2.788419376651797
0.5465624578432667,0.9776288099012526,-0.42944275900232565,-0.031080055611165343,-1.6474618816313158
-1.252185640371522,0.7684405438914005,0.4120518700028536,0.3180075255293275,0.08212484751570542
-0.48129359827948587,0.8604833809357623,0.9368549719631559,-0.8080814458916366,1.36405383500121
1.5744185139660196,-0.08504758142898444,0.5387284808208687,0.14909417981617282,0.8960480141731839
-0.3528115912641561,-0.9050655841877898,-0.8185209208004115,0.44187731238554756,-0.8606694871958093
1.4459365069506893,0.7517054826105737,0.7649367144244554,1.8720103060902702,0.6450883711204534
0.16111643679722024,0.4337393182755328,0.8192266904892618,1.5341836146639607,-0.2027482608143397
0.16111643679722024,0.40863672635440396,1.5430930380206271,-0.42521119560859283,-0.5418829135883292
-0.09584757723343933,0.37516660379275024,1.0363865947487276,-1.145908137317946,1.2283999738915898
0.5465624578432667,-0.5034241134487634,0.1858436363993471,0.11531151067342181,0.25169217390276044
-1.5091496544022385,-0.10178264270973691,-0.0041712798276755236,-0.8080814458916366,0.5365652822328056
-0.9952216263408622,-0.9218006454685423,0.27632692984071755,0.3855728638146294,-0.48083867608904246
1.1889724929199725,-0.9134331148281661,0.3668102232821684,0.09278973124505455,0.8282210836184342
-0.09584757723343933,0.4337393182755328,0.19489196574346807,-0.4364720853227765,-0.22987903303631188
0.5465624578432667,1.3206975661574967,-1.0537774837481193,-0.3801676367516584,1.804928883607384
-1.5091496544022385,-0.05157745886740496,1.9412195291629144,1.5904880632350793,-2.013727306627157
0.41808045082793693,0.1492432765020711,-0.3299111362167538,0.5657470992419678,-1.6406791885758527
-0.22432958424876911,0.032097847536580446,0.7287433970478913,0.5770079889561514,-0.22987903303631188
1.5744185139660196,-0.33607350064086666,-1.2890340466958272,0.20539862838709097,-1.6610272677422417
-0.22432958424876911,1.0613041163052386,0.5658734688533119,-0.1436889527534017,2.8291155349845742
-0.48129359827948587,-0.1268852346309399,1.4435614152350553,1.8607494163760867,-0.4333598247006815
-1.123703633356192,-0.612202011773952,1.2264015109756699,0.8585302318113421,-1.159107981636901
0.28959844381260713,-0.612202011773952,0.12250533099033957,0.8360084523829752,0.9163960933395726
0.8035264718739835,0.341696481231171,0.7739850437685765,1.2977049306655046,-1.6338964955203898
1.1889724929199725,0.9943638711820794,0.34871356459392644,0.4306164226713639,1.4861423099997833
-0.9952216263408622,-0.45321892960643156,0.09536034295789629,1.804444967804968,-1.7017234260751397
-0.8667396193255325,0.8353807890145591,0.08631201361377532,1.7030969603771158,-0.1010078649821549
0.03263442978189046,0.0823030313789124,-0.4927810644113332,-2.2607362190247264,1.0520499544491926
0.6750444648585965,0.12414068458094223,-0.4113461003140033,0.7684431140976733,0.3059537183465843
-0.22432958424876911,0.4421068489159832,0.583970127541554,-0.3463849676091073,-0.5283175274774033
1.31745449993536,-0.5619968279315458,0.38490688197049067,0.6333124375270696,1.5607519336101163
-1.7661136684328984,-0.6456721343355314,0.8644683372100274,0.3855728638146294,1.0723980336155814
-0.6097756052948157,-0.16035535719251937,0.6835017503271258,0.4531382020997312,1.0656153405601185
-0.3528115912641561,0.5006795633986912,-0.44753941769064787,-1.4499521596017042,-0.3384021219239596
-0.9952216263408622,0.467209440837112,-0.09465457326904599,1.1513133643807172,-0.47405598303345897
0.6750444648585965,-0.21892807167530168,0.6563567622946823,-0.7179943281779675,-0.4333598247006815
-0.6097756052948157,-1.4405875451730592,1.244498169663992,0.44187731238554756,-1.3354580010792982
-0.09584757723343933,0.7266028906893707,0.068215354925453,-0.3914285264658418,1.2758788252799507
-0.8667396193255325,1.0947742388668178,-0.03131626786003844,0.22792040781565834,-0.1688347955370251
-0.8667396193255325,1.3206975661574967,0.27632692984071755,0.7571822243834897,-0.4401425177561444
0.41808045082793693,0.7851756051721529,0.4663418460677402,0.5770079889561514,-0.6571886955314399
0.9320084788893134,0.9608937486205001,1.000193277372083,0.32926841524351114,0.11603831279314054
-0.8667396193255325,0.04046537817695682,-0.4384910883464465,-0.7855596664632694,-0.7792771705300133
0.16111643679722024,0.7684405438914005,0.2672786004965966,-0.32386318818074006,-0.9691925760834572
-0.8667396193255325,1.295594974236294,-0.24847617211950432,-1.044560129890093,0.47552104473351886
-0.48129359827948587,0.8270132583741827,-0.3299111362167538,0.3067466358151442,0.6790018363978885
1.7029005209813488,-0.009739805665449384,0.8735166665541483,0.4306164226713639,-1.2879791496909376
-0.3528115912641561,-1.532630382217421,-0.13989621998981155,0.8810520112397098,0.1974306294588161
-1.5091496544022385,0.5843548698026769,0.837323349177584,-0.06486272475391619,-0.48083867608904246
-1.7661136684328984,0.1492432765020711,0.24013361246415327,0.6445733272414532,-1.5864176441320288
-0.7382576123101455,0.9274236260589209,-0.19418619605461776,0.40809464324299666,0.0685594614047796
1.0604904859046431,0.7098678294086181,0.032022037548888736,0.25044218724402595,1.126659578059405
0.41808045082793693,-0.545261766650719,1.2083048522873476,1.7594014089482344,1.0452672613937295
0.28959844381260713,0.9608937486205001,1.0816282414694127,-1.2697779241743659,-0.1010078649821549
-0.9952216263408622,-0.3193384393600398,0.0772636842696543,1.8382276369475194,-1.098063744137614
-1.123703633356192,-0.11015017335018741,0.2310852831200323,0.4306164226713639,-0.41301174553417225
-0.48129359827948587,0.5425172166007213,0.6563567622946823,-1.2585170344601824,-0.6368406163650511
-0.7382576123101455,-0.37791115384282226,0.6292117742623194,1.6467925118059978,-0.5215348344218199
0.03263442978189046,-0.14362029591176675,1.2625948283522341,0.03648528267413639,-0.5351002205328663
-0.09584757723343933,0.592722400443053,1.805494589000778,0.05900706210250398,1.0384845683382666
1.959864535012066,-1.8003913627101302,-0.12179956130148922,-0.10990628361065087,-1.579634951076566
-0.09584757723343933,1.2537573210343378,-0.03131626786003844,-2.0805619835973883,0.054994075293853764
-0.48129359827948587,0.5174146246795182,1.9683645171953577,2.0747063209459764,0.2720402530691492
-0.22432958424876911,0.3165938893100422,0.31252024721736216,-0.3576458573232909,1.4997076961108298
-0.48129359827948587,0.38353413443320084,0.583970127541554,0.6783559963840041,1.5132730822217553
0.6750444648585965,-0.3528085619216191,-0.610409345885147,0.6670951066698205,0.6790018363978885
-0.48129359827948587,2.157450630197055,1.0454349240928484,-0.29008051903798904,-0.3858809733123205
-1.252185640371522,0.5341496859602707,-0.11275123195736826,1.218878702666019,-0.2027482608143397
1.31745449993536,0.6429275842854592,-0.20323452539873876,0.6333124375270696,-0.18240018164795094
0.16111643679722024,0.6763977068470387,0.4663418460677402,-1.4161694904589532,0.9299614794506189
0.28959844381260713,0.19944846034447714,0.692550079671327,-2.1706491013110574,-0.18240018164795094
-0.3528115912641561,0.42537178763515643,0.6020667862298762,0.09278973124505455,0.7739595391746102
-0.22432958424876911,0.9106885647780942,-0.22133118408706098,1.4553573866644753,-0.982757962194383
-0.48129359827948587,1.647031261132914,-0.0041712798276755236,0.41935553295718064,0.1770825502924273
-1.252185640371522,1.3541676887190766,0.32156857656148313,0.16035506953035678,0.3805633419567969
1.7029005209813488,0.4839445021179387,-0.32086280687263286,1.1963569232376514,0.5908268266766294
-0.3528115912641561,0.32496141995041855,-0.3389594655608748,0.11531151067342181,-1.1251945163594659
0.9320084788893134,0.45884191019673565,0.4572935167236192,0.7797040038118569,0.8960480141731839
1.7029005209813488,1.8729545884235932,0.7377917263920122,0.08152884153087124,1.6692750224977642
-0.48129359827948587,-0.6624071956162838,0.1677469777110248,0.3405293049576948,0.42125950028969505
1.0604904859046431,0.9692612792608768,-0.3389594655608748,-1.213473475603248,0.08212484751570542
0.5465624578432667,0.9608937486205001,-0.2846694894960686,1.1062698055239824,-0.8199733288629114
2.2168285490427255,1.1449794227092236,1.6878663075268843,0.03648528267413639,1.6014480919430145
2.088346542027396,-0.3277059700004903,0.5387284808208687,1.8269667472333362,0.4416075794560837
-1.252185640371522,0.1576108071425217,1.5159480499881839,-2.2382144395963595,0.2042133225143995
-1.123703633356192,1.0194664631032826,0.6473084329505615,0.20539862838709097,0.2177787086253253
0.16111643679722024,-0.813022747143428,0.203940295087589,-1.8891268584558663,1.4318807655559593
1.7029005209813488,1.5298858321674238,0.5658734688533119,-0.639168100178482,0.39412872806772287
0.6750444648585965,-0.25239819423688115,0.12250533099033957,0.4643990918139148,-0.35196750803488547
1.0604904859046431,1.4796806483250176,0.05916702558133202,0.013963503245569343,-0.2773578844246728
1.4459365069506893,0.8186457277337325,-0.08560624392492501,0.20539862838709097,-0.6978848538643379
-1.3806676473869086,2.400109018768561,-0.049412926548360755,0.8810520112397098,-2.08833693023749
0.28959844381260713,1.0362015243840352,0.4211001993470549,0.5995297683845187,1.2351826669471733
-0.8667396193255325,1.0362015243840352,0.701598409015448,0.2842248563865765,-0.03318093442740521
1.0604904859046431,1.086406708226441,-0.22133118408706098,1.6130098426634465,-0.6436233094205139
-0.48129359827948587,-0.27750078615808427,0.7739850437685765,0.7684431140976733,0.712915301675203
0.6750444648585965,0.6178249923642564,0.5930184568857552,0.7571822243834897,-0.37909828025685754
0.8035264718739835,0.8270132583741827,-0.6556509926059126,-0.3463849676091073,1.0181364891717573
0.41808045082793693,-0.23566313295612853,0.4482451873794179,0.44187731238554756,0.6450883711204534
-1.894595675448285,-0.21892807167530168,1.805494589000778,0.6670951066698205,-1.8577253663511482
0.41808045082793693,-0.026474866946201863,1.0816282414694127,0.8810520112397098,0.31951910445751014
1.7029005209813488,0.341696481231171,0.8101783611451407,2.2323587769449467,0.7739595391746102
-0.22432958424876911,0.5425172166007213,1.1087732295018562,-0.9882556813189749,0.6247402919540646
0.28959844381260713,0.5090470940391421,-0.3118144775285118,0.4531382020997312,1.4115326863895705
1.31745449993536,1.4043728725614821,0.37585855262628937,-0.7067334384637838,0.97744033083898
0.8035264718739835,0.4421068489159832,1.8235912476890201,-0.3463849676091073,0.7400460738971752
1.4459365069506893,0.592722400443053,2.058847810636728,-0.6166463207501148,0.5433479752882686
-1.252185640371522,0.19944846034447714,0.43919685803529696,-0.27881962932380555,-0.2773578844246728
0.9320084788893134,0.09067056201936288,0.701598409015448,1.117530695238166,0.2042133225143995
-0.9952216263408622,0.2831237667484627,2.248862726863751,-0.33512407789492366,-0.4944040621999683
-0.09584757723343933,0.9190560954185445,-0.6556509926059126,0.17161595924454007,0.37378064890133406
-0.6097756052948157,0.8019106664529799,0.8011300318010197,0.1378332901019895,-2.1493811677367765
0.5465624578432667,0.1492432765020711,0.34871356459392644,-1.6076046156006751,1.0181364891717573
-0.48129359827948587,-0.001372275024998895,1.0454349240928484,1.0387044672386807,-1.2269349121916506
0.9320084788893134,0.7935431358126036,-0.03131626786003844,2.3674894535155504,-0.6232752302540047
0.6750444648585965,0.21618352162522964,1.7421562835917708,0.6783559963840041,0.04142868918280742
-0.48129359827948587,1.2119196678323827,-0.48373273506721215,1.714357850091299,0.5569133613991945
-0.6097756052948157,0.8688509115761384,0.6111151155739972,-0.6279072104642984,0.3330844905684359
-1.123703633356192,1.1951846065515557,0.43919685803529696,0.7797040038118569,0.054994075293853764
1.5744185139660196,-0.6707747262566601,-0.06750958523668302,0.08152884153087124,-0.5622309927547179
0.8035264718739835,1.504783240246221,-0.09465457326904599,1.7706622986624176,0.5908268266766294
0.41808045082793693,-0.11015017335018741,1.244498169663992,-0.07612361446809998,1.81849426971831
0.03263442978189046,1.2788599129555411,-0.1670412080221744,-0.01981916589698171,-0.019615548316479367
-2.537005710524991,0.39190166507357693,0.6111151155739972,-0.13242806303901813,0.11603831279314054
0.5465624578432667,0.1157731539404916,1.1178215588459772,-0.7179943281779675,-0.4876213691445053
-0.22432958424876911,1.2621248516747148,-0.2846694894960686,0.8585302318113421,-0.7860598635855968
1.8313825279967362,1.1868170759111796,0.08631201361377532,1.0499653569528644,2.2729347044354102
0.5465624578432667,0.9274236260589209,-0.4565877470347689,-0.5265592030364457,-0.20953095386980264
0.5465624578432667,0.1492432765020711,0.6020667862298762,0.6896168860981877,0.3602152627904081
0.5465624578432667,0.4421068489159832,1.7059629662152065,-0.3801676367516584,-0.7657117844190875
-0.09584757723343933,1.086406708226441,1.2897398163846774,0.6445733272414532,0.1499517780705756
0.6750444648585965,1.2370222597535114,0.5749217981974329,-1.1571690270321295,0.9706576377833965
-0.8667396193255325,1.3206975661574967,-0.7642309447356054,1.0161826878103133,-1.4168503177450946
2.088346542027396,0.37516660379275024,-0.5651676991644617,0.16035506953035678,0.1296036989040664
1.31745449993536,-0.06831252014815757,0.7649367144244554,0.813486672954608,1.9677135169388555
0.8035264718739835,0.21618352162522964,1.0997249001576548,2.1647934386596455,-1.2065868330252618
0.5465624578432667,1.7223390368965237,-0.510877723099575,0.40809464324299666,0.13638639195952929
-1.252185640371522,-0.44485139896598086,2.963680745050915,-0.9432121224622404,1.2623134391690252
0.9320084788893134,0.6596626455662119,0.8735166665541483,1.2301395923802028,-0.7792771705300133
0.28959844381260713,0.592722400443053,-0.24847617211950432,0.745921334669306,1.1402249641704512
-0.8667396193255325,-0.7628175633010219,0.7830333731126975,0.9035737906682771,-2.095119623292953
-0.9952216263408622,1.4545780564038142,-0.881859226209419,0.8810520112397098,-0.33161942886849666
1.959864535012066,-0.13525276527139052,0.837323349177584,-0.06486272475391619,0.048211382238390825
-1.5091496544022385,0.40863672635440396,0.837323349177584,1.2639222615229535,1.2283999738915898
-0.09584757723343933,0.6094574617238799,0.7287433970478913,-0.6053854310359311,0.8214383905629713
-1.3806676473869086,0.0823030313789124,1.624528002117957,-2.497214903023183,-2.0205099996826195
0.5465624578432667,-0.7795526245818487,0.38490688197049067,0.9373564598108277,2.184759694714151
0.16111643679722024,1.2202871984727586,-0.32086280687263286,-0.15494984246758534,-0.41301174553417225
-0.7382576123101455,0.9608937486205001,0.4753901754118611,-0.48151564417971093,1.9270173586059574
-0.6097756052948157,1.2370222597535114,0.31252024721736216,0.17161595924454007,-0.6775367746978287
-1.123703633356192,0.6596626455662119,-0.1670412080221744,0.16035506953035678,-0.22309633998084896
-1.5091496544022385,-1.0389460744341072,-0.19418619605461776,-1.1346472476037623,-0.7792771705300133
-2.2800416964942745,-0.3026033780792872,0.6020667862298762,-1.4612130493158881,-2.1358157816258507
1.4459365069506893,0.5174146246795182,1.2806914870405566,0.07026795181668728,-0.13492133025959
0.28959844381260713,-0.07668005078860819,-0.1670412080221744,-0.954473012176424,-1.667809960797825
-0.8667396193255325,1.7892792820196821,0.38490688197049067,0.16035506953035678,-0.3858809733123205
-0.48129359827948587,0.2580211748272596,0.4753901754118611,-1.3711259316022186,1.9948442891607072
0.28959844381260713,-0.5619968279315458,0.9730482893397202,1.736879629519667,-0.175617488592488
0.5465624578432667,0.8939535034973417,1.1178215588459772,-0.13242806303901813,-1.471111862188918
-0.48129359827948587,0.6847652374874148,0.9278066426189545,1.0837480260956154,-0.6911021608088749
-0.3528115912641561,0.7266028906893707,0.31252024721736216,1.0950089158097986,0.8146556975073878
0.28959844381260713,0.36679907315237387,1.7512046129358916,0.7909648935260406,-1.8034638219073245
-1.3806676473869086,0.9943638711820794,1.2173531816315488,-1.2585170344601824,-1.4914599413553071
-1.3806676473869086,0.8688509115761384,-0.3299111362167538,-0.5828636516075637,0.4483902725115467
0.6750444648585965,0.16597833778289794,0.837323349177584,-1.0107774607475422,-0.5554482996992551
1.31745449993536,0.5425172166007213,0.4663418460677402,0.4306164226713639,-0.4401425177561444
-0.7382576123101455,1.119876830788021,1.0273382654045262,-0.515298313322262,2.7070270599860007
-0.9952216263408622,0.23291858290605663,1.2173531816315488,-0.09864539389646708,-0.31805404275745036
-0.3528115912641561,1.7474416288176522,0.05916702558133202,-0.5941245413217473,1.2419653600026361
0.5465624578432667,0.5759873391623005,1.0092416067162844,1.117530695238166,1.9134519724950316
0.5465624578432667,0.7517054826105737,0.9006616545865915,-0.3576458573232909,-0.928496417750559
2.088346542027396,0.6261925230046325,-0.5289743817878975,1.3990529380933574,0.054994075293853764
0.16111643679722024,0.8688509115761384,0.4030035406587326,-0.4364720853227765,0.1974306294588161
1.4459365069506893,1.4378429951230614,0.22203695377591137,-0.23377607046707088,-1.1658906746923638
1.0604904859046431,-0.17709041847334622,0.068215354925453,0.745921334669306,-0.23666172609177477
-0.09584757723343933,1.103141769507194,1.6607213194945214,0.17161595924454007,1.5743173197210423
-1.252185640371522,0.9023210341377178,1.2806914870405566,-0.9882556813189749,2.3543270211010854
-0.22432958424876911,1.245389790393962,0.11345700164621858,-0.515298313322262,0.7739595391746102
-1.123703633356192,0.3082263586695915,0.5296801514767476,0.3180075255293275,-0.13492133025959
-2.922451731571038,1.5382533628078001,0.9006616545865915,0.025224392959752973,-0.6707540816423657
-1.894595675448285,0.7684405438914005,0.5296801514767476,-1.3598650418880351,0.5840441336211665
0.41808045082793693,0.6429275842854592,0.71969506770369,-0.8306032253202039,0.8553518558402858
-0.48129359827948587,0.2831237667484627,0.692550079671327,-0.13242806303901813,1.8320596558292357
0.6750444648585965,0.9106885647780942,0.6473084329505615,1.4553573866644753,2.0151923683272166
-0.7382576123101455,1.4294754644826855,0.013925378860646792,0.18287684895872372,0.6586537572313792
-0.6097756052948157,1.245389790393962,0.9730482893397202,0.6220515478128859,-0.5622309927547179
1.4459365069506893,1.4796806483250176,0.0772636842696543,1.1400524746665335,0.10247292668221471
-1.7661136684328984,1.2788599129555411,-0.5380227111320183,0.7008777758123714,-2.108685009403879
0.16111643679722024,1.1700820146303528,2.1674277627664207,-1.9116486378842334,0.5840441336211665
-0.22432958424876911,0.1492432765020711,1.4797547326116196,1.4103138278077412,-0.08744247887122905
-0.09584757723343933,1.3039625048767445,-0.09465457326904599,0.7008777758123714,-0.9556271899725313
-1.123703633356192,0.14087574586169485,0.991144948027962,0.7233995552409388,1.5200557752772184
-0.3528115912641561,0.5090470940391421,1.2535464990081133,-1.0332992401759096,-1.3897195455231224
0.9320084788893134,0.7517054826105737,0.08631201361377532,0.745921334669306,1.0723980336155814
0.28959844381260713,0.5257821553198946,1.9683645171953577,-0.16621073218176913,-1.8509426732956853
0.03263442978189046,0.7768080745317766,0.7830333731126975,-0.09864539389646708,0.6654364502869626
-0.9952216263408622,1.0362015243840352,1.977412846539479,0.7233995552409388,0.9367441725060819
-2.0230776824636147,-1.1142538501976422,1.4164164272026925,-0.5716027618933802,-0.4401425177561444
-0.22432958424876911,0.7433379519701974,0.203940295087589,0.025224392959752973,-0.6639713885869027
1.4459365069506893,0.12414068458094223,1.5159480499881839,0.8810520112397098,-1.4371983969114832
-0.7382576123101455,0.023730316896129824,-0.049412926548360755,-0.06486272475391619,1.36405383500121
-1.6376316614175683,1.521518301526973,0.37585855262628937,-0.515298313322262,-0.2909232705355987
1.4459365069506893,1.3206975661574967,1.1087732295018562,0.1378332901019895,0.6993499155642772
-1.3806676473869086,0.9023210341377178,0.9187583132748335,0.013963503245569343,-1.3354580010792982
-0.48129359827948587,0.7015002987682417,0.9639999599955188,-1.1233863578895786,2.0084096752717535
-1.7661136684328984,2.2411259366010405,2.312201032272758,-0.30134140875217263,-0.7385810121972357
0.28959844381260713,1.2537573210343378,0.4663418460677402,1.275183151237137,0.2042133225143995
0.41808045082793693,-0.05157745886740496,-0.8185209208004115,0.29548574610096023,-1.6203311094094641
-0.3528115912641561,0.5508847472410974,0.6020667862298762,0.7571822243834897,-0.5351002205328663
-0.22432958424876911,1.086406708226441,0.2582302711524756,-1.5963437258864914,0.9231787863951562
1.0604904859046431,1.9398948335468265,0.8916133252423902,0.2166595181014747,-0.1010078649821549
0.41808045082793693,1.6386637304925378,-0.08560624392492501,-0.16621073218176913,1.6421442502757921
0.6750444648585965,0.4421068489159832,0.8644683372100274,1.2414004820945865,0.5772614405657036
0.9320084788893134,0.6680301762066623,1.5068997206440629,1.275183151237137,-0.03318093442740521
-0.6097756052948157,1.3039625048767445,0.4120518700028536,-0.8418641150343875,0.2109960155698624
-0.9952216263408622,0.1157731539404916,-0.13989621998981155,1.9057929752328213,-0.2637924983136265
0.5465624578432667,0.9023210341377178,0.7377917263920122,-0.0873845041822836,0.39412872806772287
1.8313825279967362,0.3082263586695915,2.07694446932505,0.5995297683845187,0.47552104473351886
-0.48129359827948587,0.1325082152213186,0.3668102232821684,0.6333124375270696,1.0995288058375534
-1.252185640371522,1.2202871984727586,0.6563567622946823,0.5432253198134004,-0.7860598635855968
0.41808045082793693,0.8772184422165147,-0.44753941769064787,0.03648528267413639,0.29238833223553806
1.7029005209813488,0.9859963405417035,0.6473084329505615,-0.9319512327480567,0.5433479752882686
-0.09584757723343933,-0.8464928697050074,0.9187583132748335,-0.3914285264658418,-0.12135594414866416
1.959864535012066,0.5425172166007213,0.701598409015448,-1.641387284743226,0.7739595391746102
-1.6376316614175683,0.8772184422165147,0.4844385047560625,-0.954473012176424,-0.48083867608904246
-0.3528115912641561,0.9859963405417035,1.1992565229432266,1.0049217980961298,-0.1620521024814417
-0.9952216263408622,1.1449794227092236,0.8282750198333828,0.5770079889561514,0.9570922516724706
0.8035264718739835,0.7935431358126036,1.2897398163846774,-0.3576458573232909,-0.9488444969170684
0.8035264718739835,1.5968260772905827,1.8597845650655846,0.32926841524351114,-0.3384021219239596
-0.3528115912641561,0.2580211748272596,0.7468400557361332,-0.8981685636053057,-0.9963233483054292
0.28959844381260713,0.9274236260589209,-0.013219609171796496,1.5229227249497774,-2.264686949679887
0.16111643679722024,0.41700425699478033,1.534044708676506,0.2166595181014747,-0.7046675469198008
-0.09584757723343933,0.09067056201936288,0.9006616545865915,0.29548574610096023,-1.098063744137614
-0.22432958424876911,1.0445690550244116,0.2672786004965966,0.9373564598108277,-0.31805404275745036
-0.8667396193255325,1.0947742388668178,0.32156857656148313,-0.042340945325349134,-1.1455425955258547
0.8035264718739835,0.6429275842854592,0.32156857656148313,-1.4612130493158881,-1.9594657621833333
1.31745449993536,1.3374326274383237,1.244498169663992,-1.5062566081726225,0.6857845294533513
-1.7661136684328984,0.4337393182755328,0.6020667862298762,-0.12116717332483434,0.054994075293853764
0.28959844381260713,0.45047437955635955,-0.04036459720423978,-0.13242806303901813,-0.2773578844246728
-1.123703633356192,-0.25239819423688115,-0.013219609171796496,1.0161826878103133,1.255530746113562
-0.8667396193255325,0.6429275842854592,-1.135212447845369,-0.12116717332483434,-1.5185907135772794
-1.252185640371522,1.4796806483250176,1.9593161878511565,-0.3801676367516584,-0.7521463983081617
-0.3528115912641561,0.14087574586169485,1.3259331337612417,-0.2450369601812545,-0.12135594414866416
1.4459365069506893,-0.16035535719251937,-0.0041712798276755236,0.23918129752984196,-0.6978848538643379
-0.22432958424876911,0.4421068489159832,1.5249963793323853,1.0950089158097986,0.6043922127875553
0.9320084788893134,1.471313117684641,-0.02226793851591747,0.3180075255293275,1.4454461516670056
0.41808045082793693,0.19944846034447714,-0.24847617211950432,-0.7742987767490856,-0.5690136858101809
-2.4085237035096614,1.1784495452708028,0.7287433970478913,1.3202267100938716,2.191542387769614
0.8035264718739835,1.3792702806402792,-0.4927810644113332,0.6333124375270696,-1.5932003371874919
-0.6097756052948157,0.2496536441868835,0.6563567622946823,-0.2225151807528874,0.712915301675203
-3.0509337385863677,1.245389790393962,0.6111151155739972,0.19413773867290765,0.11603831279314054
-0.6097756052948157,0.4755769714775626,1.5702380260530704,0.4756599815282986,-0.28414057748013577
0.8035264718739835,1.3876378112806558,1.7602529422800932,-0.01981916589698171,-1.1794560608032898
-1.5091496544022385,0.9525262179801243,-0.23037951343118201,0.047746172388320345,1.4047499933341077
-2.151559689478945,0.6847652374874148,1.2354498403197909,1.5904880632350793,-0.7453637052526987
-1.6376316614175683,0.592722400443053,1.353078121793685,-0.47025475446532733,-0.5622309927547179
1.0604904859046431,-0.6791422568971107,0.6744534209830048,-0.25629784989543813,-0.9624098830279942
0.03263442978189046,0.0823030313789124,0.4030035406587326,-0.6053854310359311,-0.5351002205328663
0.5465624578432667,2.0235701399507375,0.9278066426189545,-0.3914285264658418,0.48230373778898167
0.03263442978189046,-0.018107336305825623,-0.12179956130148922,-0.23377607046707088,0.4619556586225929
0.03263442978189046,0.3082263586695915,0.013925378860646792,1.2977049306655046,-1.1523252885814381
0.41808045082793693,0.341696481231171,1.9864611758835997,-0.8756467841769384,-0.2570098052581636
-0.48129359827948587,-0.27750078615808427,-0.6737476512941545,0.20539862838709097,-0.21631364692538604
0.41808045082793693,-0.14362029591176675,1.0544832534369695,-0.3126022984665564,2.1169327641594013
0.8035264718739835,-0.4113812764044016,0.05916702558133202,0.8360084523829752,1.3437057558348209
-0.48129359827948587,0.7684405438914005,1.5159480499881839,1.6017489529492632,1.9948442891607072
0.16111643679722024,-0.20219301039454918,0.5749217981974329,0.1378332901019895,1.1809211225033494
1.4459365069506893,0.6261925230046325,-0.44753941769064787,-0.6053854310359311,-0.1688347955370251
-1.252185640371522,0.592722400443053,1.2083048522873476,-1.1571690270321295,0.2991710252910009
-0.3528115912641561,0.8688509115761384,2.248862726863751,-1.1346472476037623,1.0384845683382666
-0.7382576123101455,1.8896896497044202,2.8008108168564156,1.2864440409513207,-0.7453637052526987
-0.7382576123101455,0.4337393182755328,0.34871356459392644,0.32926841524351114,1.2283999738915898
0.16111643679722024,0.1492432765020711,1.4707064032674986,1.2639222615229535,-0.7860598635855968
0.03263442978189046,0.9776288099012526,0.701598409015448,2.0747063209459764,-0.4469252108116073
-0.48129359827948587,1.5298858321674238,-0.0041712798276755236,-2.418388675023697,0.22456140168078828
2.473792563073442,0.5676198085218501,1.0363865947487276,2.254880556373314,0.9842230238944428
-0.09584757723343933,-0.059944989507781335,0.8554200078658261,-0.47025475446532733,0.2042133225143995
1.959864535012066,0.2747562361080121,0.1586986483669038,0.1378332901019895,1.1402249641704512
-1.123703633356192,1.1951846065515557,1.4164164272026925,-0.7067334384637838,-1.3218926149683727
0.6750444648585965,1.8896896497044202,0.203940295087589,0.9598782392391952,0.19064793640335317
-0.6097756052948157,0.3082263586695915,0.2582302711524756,-0.4927765338938947,-0.08065978581576613
-0.09584757723343933,-0.0348423975865781,0.39395521131461164,0.2729639666723932,-0.5825790719212272
1.0604904859046431,0.6763977068470387,1.0182899360604052,-0.48151564417971093,0.048211382238390825
-0.09584757723343933,0.6010899310835038,0.39395521131461164,1.12879158495235,-1.9119869107949723
0.28959844381260713,1.8060143433004348,1.9140745411304712,-0.27881962932380555,-1.3083272288574468
0.28959844381260713,0.5425172166007213,1.4797547326116196,0.1378332901019895,-1.2811964566354745
0.28959844381260713,0.634560053645083,0.71969506770369,0.8923129009538934,0.6654364502869626
-0.6097756052948157,0.9859963405417035,0.05916702558133202,0.6220515478128859,-0.8471041010848837
-0.6097756052948157,1.3374326274383237,0.24918194180835462,-0.4026894161802256,-0.22309633998084896
0.03263442978189046,-0.018107336305825623,0.5387284808208687,0.9598782392391952,0.08212484751570542
0.8035264718739835,-0.3528085619216191,0.43919685803529696,2.11974987980291,-0.20953095386980264
0.16111643679722024,0.41700425699478033,-0.2937178188401896,-1.3486041521738514,0.3398671836238989
0.03263442978189046,0.8270132583741827,0.8011300318010197,-0.4364720853227765,0.048211382238390825
-1.123703633356192,0.2580211748272596,3.2984689307841943,-0.05360183503973272,-2.5224292857880806
0.16111643679722024,1.2035521371919322,1.2354498403197909,0.6333124375270696,0.25847486695822336
2.088346542027396,0.29149129738883905,0.4120518700028536,0.16035506953035678,0.2991710252910009
-0.6097756052948157,1.3960053419210317,0.8916133252423902,1.3990529380933574,2.469632803044196
0.6750444648585965,-0.05157745886740496,0.7468400557361332,0.49818176095666583,0.021080610016418668
-1.123703633356192,-0.05157745886740496,-0.02226793851591747,0.7233995552409388,1.4590115377779316
-0.8667396193255325,2.375006426847358,0.050118696237211054,0.745921334669306,0.4076941141787691
0.03263442978189046,2.0905103850738964,0.38490688197049067,-0.9882556813189749,0.5162172030664168
-0.3528115912641561,1.3541676887190766,0.6835017503271258,1.579227173520696,0.9706576377833965
-0.3528115912641561,1.6135611385713349,1.4797547326116196,-0.9882556813189749,-2.1493811677367765
-0.22432958424876911,1.086406708226441,1.7059629662152065,0.7797040038118569,-1.159107981636901
1.1889724929199725,0.8604833809357623,1.9231228704745924,0.2842248563865765,1.7099711808306621
0.5465624578432667,0.37516660379275024,1.2354498403197909,1.117530695238166,1.8117115766628469
0.28959844381260713,-0.29423584743891096,-0.08560624392492501,-0.639168100178482,-0.5418829135883292
-0.09584757723343933,1.3374326274383237,0.7377917263920122,-0.27881962932380555,-1.8916388316285835
0.03263442978189046,-0.11015017335018741,0.3306169059056041,0.7008777758123714,0.4687383516780559
-1.123703633356192,0.06556797009815991,1.3802231098260478,0.4869208712424822,0.9706576377833965
1.1889724929199725,0.3165938893100422,1.3892714391702492,0.29548574610096023,0.4416075794560837
-1.3806676473869086,0.2580211748272596,2.556505924564587,-0.8981685636053057,-1.0912810510820308
1.7029005209813488,1.5800910160097552,0.13155366033446053,-0.01981916589698171,-0.04674632053833104
0.28959844381260713,1.002731401822456,0.08631201361377532,0.08152884153087124,0.3805633419567969
-0.22432958424876911,-0.8632279309857599,0.7649367144244554,-0.6842116590354167,0.6450883711204534
0.6750444648585965,1.4462105257634383,0.4753901754118611,-0.4927765338938947,0.5094345100109539
-0.3528115912641561,1.0529365856648618,0.1586986483669038,-0.5828636516075637,-1.674592653853288
0.16111643679722024,1.7056039756156967,0.9278066426189545,1.162574254095101,-0.41301174553417225
-0.6097756052948157,1.0194664631032826,2.3664910083375643,-0.3576458573232909,2.0355404474936054
-1.252185640371522,1.1533469533496004,-0.14894454933393256,0.6333124375270696,0.3330844905684359
-0.8667396193255325,1.2370222597535114,0.8825649958982693,-1.6639090641715932,-0.9691925760834572
-1.252185640371522,1.2035521371919322,0.8735166665541483,-0.2450369601812545,0.34664987667936176
0.8035264718739835,0.07393550073853616,0.7739850437685765,1.804444967804968,0.08890754057116836
1.0604904859046431,0.9525262179801243,0.4844385047560625,1.117530695238166,-0.9895406552498458
-0.09584757723343933,-0.2440306635965049,0.24013361246415327,0.6783559963840041,-1.2269349121916506
-0.7382576123101455,1.8562195271428406,0.982096618683841,0.17161595924454007,-2.264686949679887
0.16111643679722024,2.718075183103602,1.1540148762225413,1.4103138278077412,1.4522288447224687
-0.6097756052948157,-0.20219301039454918,0.6111151155739972,1.3990529380933574,-0.9420618038616054
-0.48129359827948587,1.002731401822456,-0.1670412080221744,-0.5941245413217473,1.0384845683382666
0.41808045082793693,1.8980571803447965,0.5296801514767476,1.218878702666019,-0.22309633998084896
0.28959844381260713,0.8270132583741827,1.3259331337612417,0.745921334669306,0.12282100584860349
-1.123703633356192,0.2747562361080121,0.2310852831200323,0.1040506209592385,2.055888526659994
-2.2800416964942745,0.5090470940391421,0.8192266904892618,0.6107906580987023,0.8960480141731839
0.41808045082793693,-0.018107336305825623,0.9187583132748335,1.1738351438092847,0.007515223905492822
0.41808045082793693,1.6219286692117856,0.8644683372100274,0.9260955700966443,1.4454461516670056
0.16111643679722024,0.04883290881733306,1.4345130858909343,0.2842248563865765,1.0317018752828038
0.9320084788893134,0.4421068489159832,1.3078364750729194,-0.2112542910385035,-0.08065978581576613
-0.22432958424876911,1.2537573210343378,0.32156857656148313,0.44187731238554756,-0.5418829135883292
-2.151559689478945,1.6135611385713349,0.8644683372100274,0.8697911215255261,3.086857871092768
0.28959844381260713,0.8939535034973417,1.4526097445792567,-0.1774716218959526,-1.1523252885814381
1.959864535012066,1.471313117684641,1.886929553098028,0.6783559963840041,-1.5050253274662329
-0.09584757723343933,0.39190166507357693,0.068215354925453,0.7684431140976733,-0.8810175663621981
-0.3528115912641561,0.8939535034973417,0.7287433970478913,0.23918129752984196,1.0859634197266275
0.16111643679722024,0.42537178763515643,2.248862726863751,0.6783559963840041,1.5607519336101163
0.28959844381260713,1.128244361428397,1.6697696488386424,-0.9319512327480567,0.5297825891773427
0.28959844381260713,-0.13525276527139052,2.2398143975195492,-0.6166463207501148,2.4357193377668813
1.0604904859046431,-0.16035535719251937,2.031702822604285,0.2729639666723932,-0.3723155872013947
-0.48129359827948587,2.776647897586384,1.0092416067162844,-0.9319512327480567,-1.443981089966946
0.8035264718739835,1.2537573210343378,2.2398143975195492,1.9958800929464904,0.6654364502869626
0.41808045082793693,0.8939535034973417,1.4526097445792567,0.7909648935260406,2.184759694714151
-0.3528115912641561,0.18271339906365042,1.1630632055666623,0.6445733272414532,0.6111749058430183
-0.48129359827948587,0.8019106664529799,0.701598409015448,-0.23377607046707088,-2.5563427510655163
0.6750444648585965,0.33332895059079465,-0.049412926548360755,0.8472693420971585,-0.02639824137194229
-1.252185640371522,-0.16035535719251937,0.991144948027962,1.2977049306655046,-2.990435106616107
-0.8667396193255325,-0.08504758142898444,0.982096618683841,1.4553573866644753,1.0927461127820906
-1.894595675448285,1.0613041163052386,0.38490688197049067,0.4869208712424822,-0.5622309927547179
1.4459365069506893,0.4923120327583151,0.692550079671327,2.2323587769449467,-0.5147521413663569
0.41808045082793693,1.228654729113135,0.4753901754118611,0.396833753528813,-0.8471041010848837
-0.8667396193255325,-0.10178264270973691,1.497851391299942,1.0837480260956154,1.16057304333684
-0.6097756052948157,2.2913311204434463,0.9006616545865915,0.14909417981617282,1.269096132224488
1.1889724929199725,0.9274236260589209,0.4844385047560625,-0.7517769973207185,0.4483902725115467
1.7029005209813488,1.7892792820196821,1.2806914870405566,0.8923129009538934,-1.3693714663567333
-0.9952216263408622,-0.009739805665449384,0.5025351634443045,-0.1436889527534017,-1.3218926149683727
-0.9952216263408622,0.5425172166007213,2.1312344453898566,0.6783559963840041,-1.538938792743668
-0.09584757723343933,1.1449794227092236,1.3259331337612417,-0.8080814458916366,-1.0098887344163552
-1.252185640371522,-0.3862786844831985,-0.47468440572301096,0.1378332901019895,0.5976095197320924
2.2168285490427255,-0.22729560231567802,0.2582302711524756,0.09278973124505455,0.7196979947307864
-0.3528115912641561,-0.27750078615808427,1.2535464990081133,-0.7517769973207185,-0.6436233094205139
0.5465624578432667,1.9315273029063758,1.2535464990081133,0.6783559963840041,2.164411615547762
0.6750444648585965,0.3082263586695915,0.7649367144244554,-0.5378200927506293,-0.04674632053833104
-2.4085237035096614,0.9106885647780942,0.6382601036064405,-1.8778659687416825,-0.1620521024814417
-0.22432958424876911,0.5592522778814738,1.805494589000778,0.047746172388320345,1.6150134780539405
-0.3528115912641561,0.015362786255753585,1.0816282414694127,0.1040506209592385,-1.0031060413608923
-0.7382576123101455,0.2580211748272596,2.402684325714129,1.669314291234565,-1.7017234260751397
0.8035264718739835,2.2662285285222437,1.4707064032674986,0.07026795181668728,-1.3490233871902242
-1.5091496544022385,0.760073013251024,1.4797547326116196,0.4756599815282986,0.5162172030664168
-0.8667396193255325,-0.29423584743891096,0.6744534209830048,2.2098369975165797,0.18386524334789026
-1.252185640371522,0.5843548698026769,1.5611896967089496,0.6220515478128859,1.757450032219023
0.03263442978189046,1.2704923823151648,0.08631201361377532,-0.48151564417971093,-0.1620521024814417
0.16111643679722024,1.3290650967978732,2.0226544932601636,-0.2450369601812545,-0.060311706649256884
-0.6097756052948157,0.5006795633986912,0.5115834927884254,-0.4026894161802256,-0.5079694483108941
0.16111643679722024,1.9231597722659994,0.5387284808208687,1.3990529380933574,0.4144768072342321
2.6022745700887726,-0.6707747262566601,2.3302976909610003,0.5770079889561514,-0.46049059692253314
1.4459365069506893,0.266388705467636,3.26227561340763,0.013963503245569343,0.4144768072342321
-0.6097756052948157,0.32496141995041855,1.6607213194945214,-0.2450369601812545,-0.6978848538643379
-0.09584757723343933,0.7768080745317766,1.534044708676506,0.4306164226713639,1.5268384683326812
-1.6376316614175683,0.1325082152213186,1.5068997206440629,-0.0873845041822836,0.8553518558402858
-0.3528115912641561,1.2788599129555411,0.7649367144244554,0.9486173495250116,0.11603831279314054
-0.48129359827948587,-0.2105605410349254,-0.9090042142418623,-1.0896036887470277,0.7603941530635638
-0.9952216263408622,1.2872274435959175,-0.5199260524437764,-1.2247343653174314,0.0685594614047796
-0.6097756052948157,0.45884191019673565,0.6563567622946823,-0.2225151807528874,0.3602152627904081
-0.22432958424876911,0.8270132583741827,0.5296801514767476,-0.06486272475391619,-0.08744247887122905
-1.3806676473869086,0.12414068458094223,0.9187583132748335,-0.9769947916047913,0.6111749058430183
-0.6097756052948157,0.07393550073853616,1.2264015109756699,2.784142372941345,-0.07387709276030321
-0.9952216263408622,1.471313117684641,0.9278066426189545,1.1062698055239824,-0.46049059692253314
-0.9952216263408622,-0.6624071956162838,1.3440297924494837,0.2842248563865765,-0.15526940942597875
-0.9952216263408622,2.450314202610967,0.5387284808208687,0.14909417981617282,0.11603831279314054
-0.9952216263408622,1.8645870577832169,0.09536034295789629,-0.954473012176424,-0.5079694483108941
-0.22432958424876911,0.9859963405417035,0.3668102232821684,-0.48151564417971093,-0.602927151087616
0.6750444648585965,0.5341496859602707,1.5068997206440629,0.9035737906682771,-0.08744247887122905
0.03263442978189046,0.8019106664529799,0.6201634449181181,-0.36890674703747456,0.04142868918280742
0.16111643679722024,1.1449794227092236,0.4844385047560625,1.0950089158097986,1.147007657225914
1.0604904859046431,0.634560053645083,1.353078121793685,-0.8193423356058201,1.0317018752828038
-1.7661136684328984,1.4462105257634383,1.642624660806199,-0.6954725487496002,-1.172673367747827
0.5465624578432667,1.471313117684641,0.31252024721736216,-0.1887325116101364,0.42804219334515786
-1.3806676473869086,0.0572004394577093,1.0906765708135338,1.8269667472333362,-1.3218926149683727
-0.48129359827948587,2.057040262512317,0.032022037548888736,0.44187731238554756,0.5162172030664168
-1.252185640371522,1.8896896497044202,0.4482451873794179,0.20539862838709097,-0.9556271899725313
0.03263442978189046,-0.08504758142898444,1.0092416067162844,0.8923129009538934,-1.7152888121861858
0.41808045082793693,-0.009739805665449384,0.3668102232821684,0.4869208712424822,1.255530746113562
-0.3528115912641561,1.6386637304925378,0.8735166665541483,-0.9995165710333587,0.7603941530635638
0.9320084788893134,1.086406708226441,0.5387284808208687,0.8022257832402242,-0.7114502399752637
-0.8667396193255325,0.4923120327583151,1.4797547326116196,0.1378332901019895,0.09569023362675176
